CREATE DATABASE  IF NOT EXISTS `mobileapp` /*!40100 DEFAULT CHARACTER SET utf8mb4 COLLATE utf8mb4_0900_ai_ci */ /*!80016 DEFAULT ENCRYPTION='N' */;
USE `mobileapp`;
-- MySQL dump 10.13  Distrib 8.0.40, for Win64 (x86_64)
--
-- Host: localhost    Database: mobileapp
-- ------------------------------------------------------
-- Server version	8.0.40

/*!40101 SET @OLD_CHARACTER_SET_CLIENT=@@CHARACTER_SET_CLIENT */;
/*!40101 SET @OLD_CHARACTER_SET_RESULTS=@@CHARACTER_SET_RESULTS */;
/*!40101 SET @OLD_COLLATION_CONNECTION=@@COLLATION_CONNECTION */;
/*!50503 SET NAMES utf8 */;
/*!40103 SET @OLD_TIME_ZONE=@@TIME_ZONE */;
/*!40103 SET TIME_ZONE='+00:00' */;
/*!40014 SET @OLD_UNIQUE_CHECKS=@@UNIQUE_CHECKS, UNIQUE_CHECKS=0 */;
/*!40014 SET @OLD_FOREIGN_KEY_CHECKS=@@FOREIGN_KEY_CHECKS, FOREIGN_KEY_CHECKS=0 */;
/*!40101 SET @OLD_SQL_MODE=@@SQL_MODE, SQL_MODE='NO_AUTO_VALUE_ON_ZERO' */;
/*!40111 SET @OLD_SQL_NOTES=@@SQL_NOTES, SQL_NOTES=0 */;

--
-- Table structure for table `address_delivery`
--

DROP TABLE IF EXISTS `address_delivery`;
/*!40101 SET @saved_cs_client     = @@character_set_client */;
/*!50503 SET character_set_client = utf8mb4 */;
CREATE TABLE `address_delivery` (
  `id` bigint NOT NULL AUTO_INCREMENT,
  `address` varchar(255) DEFAULT NULL,
  `full_name` varchar(255) DEFAULT NULL,
  `phone_number` varchar(255) DEFAULT NULL,
  `is_default` bit(1) DEFAULT NULL,
  `user_id` bigint NOT NULL,
  `status` bit(1) DEFAULT NULL,
  PRIMARY KEY (`id`),
  KEY `FKj8lqeqpmfs67ngty5laye8kwy` (`user_id`),
  CONSTRAINT `FKj8lqeqpmfs67ngty5laye8kwy` FOREIGN KEY (`user_id`) REFERENCES `users` (`id`)
) ENGINE=InnoDB AUTO_INCREMENT=16 DEFAULT CHARSET=utf8mb4 COLLATE=utf8mb4_0900_ai_ci;
/*!40101 SET character_set_client = @saved_cs_client */;

--
-- Dumping data for table `address_delivery`
--

LOCK TABLES `address_delivery` WRITE;
/*!40000 ALTER TABLE `address_delivery` DISABLE KEYS */;
INSERT INTO `address_delivery` VALUES (11,'Phu Thu, Tay Hoa, Phu Yen','Vuong Duc Thoai','0859716818',_binary '\0',7,_binary ''),(12,'Xom A','Nguyen Van A','0859716818',_binary '\0',5,_binary ''),(13,'ggggg','abccc','0859716818',_binary '',9,_binary ''),(14,'Ki Tuc Xa D2, SPKT, TPHCM','Vuong Duc Thoai','0859716818',_binary '',5,_binary ''),(15,'Tang Nhon Phu A, TPHCM','Vuong Duc Thoai','0377785321',_binary '',7,_binary '');
/*!40000 ALTER TABLE `address_delivery` ENABLE KEYS */;
UNLOCK TABLES;

--
-- Table structure for table `cart`
--

DROP TABLE IF EXISTS `cart`;
/*!40101 SET @saved_cs_client     = @@character_set_client */;
/*!50503 SET character_set_client = utf8mb4 */;
CREATE TABLE `cart` (
  `cartid` int NOT NULL AUTO_INCREMENT,
  `userid` bigint DEFAULT NULL,
  PRIMARY KEY (`cartid`),
  UNIQUE KEY `UKh868whf0f0joui0xwh481wwbg` (`userid`),
  CONSTRAINT `FK1f3la5ofi3papq9kbt0yqkab7` FOREIGN KEY (`userid`) REFERENCES `users` (`id`)
) ENGINE=InnoDB AUTO_INCREMENT=11 DEFAULT CHARSET=utf8mb4 COLLATE=utf8mb4_0900_ai_ci;
/*!40101 SET character_set_client = @saved_cs_client */;

--
-- Dumping data for table `cart`
--

LOCK TABLES `cart` WRITE;
/*!40000 ALTER TABLE `cart` DISABLE KEYS */;
INSERT INTO `cart` VALUES (6,5),(5,6),(4,7),(7,8),(8,9),(9,10),(10,11);
/*!40000 ALTER TABLE `cart` ENABLE KEYS */;
UNLOCK TABLES;

--
-- Table structure for table `cart_item`
--

DROP TABLE IF EXISTS `cart_item`;
/*!40101 SET @saved_cs_client     = @@character_set_client */;
/*!50503 SET character_set_client = utf8mb4 */;
CREATE TABLE `cart_item` (
  `cart_item_id` int NOT NULL AUTO_INCREMENT,
  `quantity` int NOT NULL,
  `cardid` int DEFAULT NULL,
  `productid` int DEFAULT NULL,
  PRIMARY KEY (`cart_item_id`),
  KEY `FKge2blihb983ogbpdu8xh27bjj` (`cardid`),
  KEY `FK9pw5b35944xvbr3h8avlakscl` (`productid`),
  CONSTRAINT `FK9pw5b35944xvbr3h8avlakscl` FOREIGN KEY (`productid`) REFERENCES `product` (`product_id`),
  CONSTRAINT `FKge2blihb983ogbpdu8xh27bjj` FOREIGN KEY (`cardid`) REFERENCES `cart` (`cartid`)
) ENGINE=InnoDB AUTO_INCREMENT=69 DEFAULT CHARSET=utf8mb4 COLLATE=utf8mb4_0900_ai_ci;
/*!40101 SET character_set_client = @saved_cs_client */;

--
-- Dumping data for table `cart_item`
--

LOCK TABLES `cart_item` WRITE;
/*!40000 ALTER TABLE `cart_item` DISABLE KEYS */;
INSERT INTO `cart_item` VALUES (52,2,8,51),(58,7,6,141),(65,1,4,71),(66,1,4,101),(67,1,4,91),(68,1,4,81);
/*!40000 ALTER TABLE `cart_item` ENABLE KEYS */;
UNLOCK TABLES;

--
-- Table structure for table `category`
--

DROP TABLE IF EXISTS `category`;
/*!40101 SET @saved_cs_client     = @@character_set_client */;
/*!50503 SET character_set_client = utf8mb4 */;
CREATE TABLE `category` (
  `categoryid` int NOT NULL,
  `category_name` varchar(255) DEFAULT NULL,
  PRIMARY KEY (`categoryid`)
) ENGINE=InnoDB DEFAULT CHARSET=utf8mb4 COLLATE=utf8mb4_0900_ai_ci;
/*!40101 SET character_set_client = @saved_cs_client */;

--
-- Dumping data for table `category`
--

LOCK TABLES `category` WRITE;
/*!40000 ALTER TABLE `category` DISABLE KEYS */;
INSERT INTO `category` VALUES (1,'Apple'),(2,'Samsung'),(4,'Oppo'),(6,'Realme'),(7,'OnePlus'),(9,'Huawei');
/*!40000 ALTER TABLE `category` ENABLE KEYS */;
UNLOCK TABLES;

--
-- Table structure for table `image_product`
--

DROP TABLE IF EXISTS `image_product`;
/*!40101 SET @saved_cs_client     = @@character_set_client */;
/*!50503 SET character_set_client = utf8mb4 */;
CREATE TABLE `image_product` (
  `id` bigint NOT NULL AUTO_INCREMENT,
  `image_product` varchar(255) DEFAULT NULL,
  `product_id` int DEFAULT NULL,
  PRIMARY KEY (`id`),
  KEY `FKml4177k7ufupebm7e4wgmvpnj` (`product_id`),
  CONSTRAINT `FKml4177k7ufupebm7e4wgmvpnj` FOREIGN KEY (`product_id`) REFERENCES `product` (`product_id`)
) ENGINE=InnoDB AUTO_INCREMENT=1110 DEFAULT CHARSET=utf8mb4 COLLATE=utf8mb4_0900_ai_ci;
/*!40101 SET character_set_client = @saved_cs_client */;

--
-- Dumping data for table `image_product`
--

LOCK TABLES `image_product` WRITE;
/*!40000 ALTER TABLE `image_product` DISABLE KEYS */;
INSERT INTO `image_product` VALUES (1,'Apple_Iphone_7_128GB_Bac.png',1),(2,'Apple_Iphone_7_128GB_Bac.png',2),(3,'Apple_Iphone_7_128GB_Bac.png',3),(4,'Apple_Iphone_7_128GB_Bac.png',4),(5,'Apple_Iphone_7_128GB_Bac.png',5),(6,'Apple_Iphone_7_128GB_Bac.png',6),(7,'Apple_Iphone_7_128GB_Bac.png',7),(8,'Apple_Iphone_7_128GB_Bac.png',8),(9,'Apple_Iphone_7_128GB_Bac.png',9),(10,'Apple_Iphone_7_128GB_Bac.png',10),(11,'Apple_Iphone_7_128GB_Do.jpg',11),(12,'Apple_Iphone_7_128GB_Do.jpg',12),(13,'Apple_Iphone_7_128GB_Do.jpg',13),(14,'Apple_Iphone_7_128GB_Do.jpg',14),(15,'Apple_Iphone_7_128GB_Do.jpg',15),(16,'Apple_Iphone_7_128GB_Do.jpg',16),(17,'Apple_Iphone_7_128GB_Do.jpg',17),(18,'Apple_Iphone_7_128GB_Do.jpg',18),(19,'Apple_Iphone_7_128GB_Do.jpg',19),(20,'Apple_Iphone_7_128GB_Do.jpg',20),(21,'apple_iPhone 7_128GB_Hong.jpg',21),(22,'apple_iPhone 7_128GB_Hong.jpg',22),(23,'apple_iPhone 7_128GB_Hong.jpg',23),(24,'apple_iPhone 7_128GB_Hong.jpg',24),(25,'apple_iPhone 7_128GB_Hong.jpg',25),(26,'apple_iPhone 7_128GB_Hong.jpg',26),(27,'apple_iPhone 7_128GB_Hong.jpg',27),(28,'apple_iPhone 7_128GB_Hong.jpg',28),(29,'apple_iPhone 7_128GB_Hong.jpg',29),(30,'apple_iPhone 7_128GB_Hong.jpg',30),(31,'Apple_Iphone_7_128GB_Den.jpg',31),(32,'Apple_Iphone_7_128GB_Den.jpg',32),(33,'Apple_Iphone_7_128GB_Den.jpg',33),(34,'Apple_Iphone_7_128GB_Den.jpg',34),(35,'Apple_Iphone_7_128GB_Den.jpg',35),(36,'Apple_Iphone_7_128GB_Den.jpg',36),(37,'Apple_Iphone_7_128GB_Den.jpg',37),(38,'Apple_Iphone_7_128GB_Den.jpg',38),(39,'Apple_Iphone_7_128GB_Den.jpg',39),(40,'Apple_Iphone_7_128GB_Den.jpg',40),(41,'Apple_Iphone_8_128GB_Gold.jpg',41),(42,'Apple_Iphone_8_128GB_Gold.jpg',42),(43,'Apple_Iphone_8_128GB_Gold.jpg',43),(44,'Apple_Iphone_8_128GB_Gold.jpg',44),(45,'Apple_Iphone_8_128GB_Gold.jpg',45),(46,'Apple_Iphone_8_128GB_Gold.jpg',46),(47,'Apple_Iphone_8_128GB_Gold.jpg',47),(48,'Apple_Iphone_8_128GB_Gold.jpg',48),(49,'Apple_Iphone_8_128GB_Gold.jpg',49),(50,'Apple_Iphone_8_128GB_Gold.jpg',50),(51,'Apple_Iphone_8_128GB_Bac.webp',51),(52,'Apple_Iphone_8_128GB_Bac.webp',52),(53,'Apple_Iphone_8_128GB_Bac.webp',53),(54,'Apple_Iphone_8_128GB_Bac.webp',54),(55,'Apple_Iphone_8_128GB_Bac.webp',55),(56,'Apple_Iphone_8_128GB_Bac.webp',56),(57,'Apple_Iphone_8_128GB_Bac.webp',57),(58,'Apple_Iphone_8_128GB_Bac.webp',58),(59,'Apple_Iphone_8_128GB_Bac.webp',59),(60,'Apple_Iphone_8_128GB_Bac.webp',60),(61,'Apple_Iphone_8_256GB_Do.jpg',51),(62,'Apple_Iphone_8_256GB_Do.jpg',52),(63,'Apple_Iphone_8_256GB_Do.jpg',53),(64,'Apple_Iphone_8_256GB_Do.jpg',54),(65,'Apple_Iphone_8_256GB_Do.jpg',55),(66,'Apple_Iphone_8_256GB_Do.jpg',56),(67,'Apple_Iphone_8_256GB_Do.jpg',57),(68,'Apple_Iphone_8_256GB_Do.jpg',58),(69,'Apple_Iphone_8_256GB_Do.jpg',59),(70,'Apple_Iphone_8_256GB_Do.jpg',70),(71,'Apple_Iphone_10_64GB_Do.jpg',71),(72,'Apple_Iphone_10_64GB_Do.jpg',72),(73,'Apple_Iphone_10_64GB_Do.jpg',73),(74,'Apple_Iphone_10_64GB_Do.jpg',74),(75,'Apple_Iphone_10_64GB_Do.jpg',75),(76,'Apple_Iphone_10_64GB_Do.jpg',76),(77,'Apple_Iphone_10_64GB_Do.jpg',77),(78,'Apple_Iphone_10_64GB_Do.jpg',78),(79,'Apple_Iphone_10_64GB_Do.jpg',79),(80,'Apple_Iphone_10_64GB_Do.jpg',80),(81,'Apple_iPhone_10_Max_Like_New_256GB_Đen.jpg',81),(82,'Apple_iPhone_10_Max_Like_New_256GB_Đen.jpg',82),(83,'Apple_iPhone_10_Max_Like_New_256GB_Đen.jpg',83),(84,'Apple_iPhone_10_Max_Like_New_256GB_Đen.jpg',84),(85,'Apple_iPhone_10_Max_Like_New_256GB_Đen.jpg',85),(86,'Apple_iPhone_10_Max_Like_New_256GB_Đen.jpg',86),(87,'Apple_iPhone_10_Max_Like_New_256GB_Đen.jpg',87),(88,'Apple_iPhone_10_Max_Like_New_256GB_Đen.jpg',88),(89,'Apple_iPhone_10_Max_Like_New_256GB_Đen.jpg',89),(90,'Apple_iPhone_10_Max_Like_New_256GB_Đen.jpg',90),(91,'Apple_Iphone_10_64GB_XanhDuong.jpg',91),(92,'Apple_Iphone_10_64GB_XanhDuong.jpg',92),(93,'Apple_Iphone_10_64GB_XanhDuong.jpg',93),(94,'Apple_Iphone_10_64GB_XanhDuong.jpg',94),(95,'Apple_Iphone_10_64GB_XanhDuong.jpg',95),(96,'Apple_Iphone_10_64GB_XanhDuong.jpg',96),(97,'Apple_Iphone_10_64GB_XanhDuong.jpg',97),(98,'Apple_Iphone_10_64GB_XanhDuong.jpg',98),(99,'Apple_Iphone_10_64GB_XanhDuong.jpg',99),(100,'Apple_Iphone_10_64GB_XanhDuong.jpg',100),(101,'Apple_Iphone_10_128GB_Trang.jpg',101),(102,'Apple_Iphone_10_128GB_Trang.jpg',102),(103,'Apple_Iphone_10_128GB_Trang.jpg',103),(104,'Apple_Iphone_10_128GB_Trang.jpg',104),(105,'Apple_Iphone_10_128GB_Trang.jpg',105),(106,'Apple_Iphone_10_128GB_Trang.jpg',106),(107,'Apple_Iphone_10_128GB_Trang.jpg',107),(108,'Apple_Iphone_10_128GB_Trang.jpg',108),(109,'Apple_Iphone_10_128GB_Trang.jpg',109),(110,'Apple_Iphone_10_128GB_Trang.jpg',110),(111,'Apple_Iphone_11_128GB_Do.jpg',111),(112,'Apple_Iphone_11_128GB_Do.jpg',112),(113,'Apple_Iphone_11_128GB_Do.jpg',113),(114,'Apple_Iphone_11_128GB_Do.jpg',114),(115,'Apple_Iphone_11_128GB_Do.jpg',115),(116,'Apple_Iphone_11_128GB_Do.jpg',116),(117,'Apple_Iphone_11_128GB_Do.jpg',117),(118,'Apple_Iphone_11_128GB_Do.jpg',118),(119,'Apple_Iphone_11_128GB_Do.jpg',119),(120,'Apple_Iphone_11_128GB_Do.jpg',120),(121,'Apple_Iphone_11_64GB_Xanh.webp',121),(122,'Apple_Iphone_11_64GB_Xanh.webp',122),(123,'Apple_Iphone_11_64GB_Xanh.webp',123),(124,'Apple_Iphone_11_64GB_Xanh.webp',124),(125,'Apple_Iphone_11_64GB_Xanh.webp',125),(126,'Apple_Iphone_11_64GB_Xanh.webp',126),(127,'Apple_Iphone_11_64GB_Xanh.webp',127),(128,'Apple_Iphone_11_64GB_Xanh.webp',128),(129,'Apple_Iphone_11_64GB_Xanh.webp',129),(130,'Apple_Iphone_11_64GB_Xanh.webp',130),(131,'Apple_Iphone_11_Pro_Max_256GB_Bac.jpg',131),(132,'Apple_Iphone_11_Pro_Max_256GB_Bac.jpg',132),(133,'Apple_Iphone_11_Pro_Max_256GB_Bac.jpg',133),(134,'Apple_Iphone_11_Pro_Max_256GB_Bac.jpg',134),(135,'Apple_Iphone_11_Pro_Max_256GB_Bac.jpg',135),(136,'Apple_Iphone_11_Pro_Max_256GB_Bac.jpg',136),(137,'Apple_Iphone_11_Pro_Max_256GB_Bac.jpg',137),(138,'Apple_Iphone_11_Pro_Max_256GB_Bac.jpg',138),(139,'Apple_Iphone_11_Pro_Max_256GB_Bac.jpg',139),(140,'Apple_Iphone_11_Pro_Max_256GB_Bac.jpg',140),(141,'Apple_Iphone_11_128GB_Den.jpg',141),(142,'Apple_Iphone_11_128GB_Den.jpg',142),(143,'Apple_Iphone_11_128GB_Den.jpg',143),(144,'Apple_Iphone_11_128GB_Den.jpg',144),(145,'Apple_Iphone_11_128GB_Den.jpg',145),(146,'Apple_Iphone_11_128GB_Den.jpg',146),(147,'Apple_Iphone_11_128GB_Den.jpg',147),(148,'Apple_Iphone_11_128GB_Den.jpg',148),(149,'Apple_Iphone_11_128GB_Den.jpg',149),(150,'Apple_Iphone_11_128GB_Den.jpg',150),(151,'Apple_Iphone_11_256GB_Trang.png',151),(152,'Apple_Iphone_11_256GB_Trang.png',152),(153,'Apple_Iphone_11_256GB_Trang.png',153),(154,'Apple_Iphone_11_256GB_Trang.png',154),(155,'Apple_Iphone_11_256GB_Trang.png',155),(156,'Apple_Iphone_11_256GB_Trang.png',156),(157,'Apple_Iphone_11_256GB_Trang.png',157),(158,'Apple_Iphone_11_256GB_Trang.png',158),(159,'Apple_Iphone_11_256GB_Trang.png',159),(160,'Apple_Iphone_11_256GB_Trang.png',160),(161,'Apple_Iphone_12_Pro_Max_128GB_Bac.jpg',161),(162,'Apple_Iphone_12_Pro_Max_128GB_Bac.jpg',162),(163,'Apple_Iphone_12_Pro_Max_128GB_Bac.jpg',163),(164,'Apple_Iphone_12_Pro_Max_128GB_Bac.jpg',164),(165,'Apple_Iphone_12_Pro_Max_128GB_Bac.jpg',165),(166,'Apple_Iphone_12_Pro_Max_128GB_Bac.jpg',166),(167,'Apple_Iphone_12_Pro_Max_128GB_Bac.jpg',167),(168,'Apple_Iphone_12_Pro_Max_128GB_Bac.jpg',168),(169,'Apple_Iphone_12_Pro_Max_128GB_Bac.jpg',169),(170,'Apple_Iphone_12_Pro_Max_128GB_Bac.jpg',170),(171,'Apple_Iphone_12_Pro_Max_128GB_XanhDuong.jpg',171),(172,'Apple_Iphone_12_Pro_Max_128GB_XanhDuong.jpg',172),(173,'Apple_Iphone_12_Pro_Max_128GB_XanhDuong.jpg',173),(174,'Apple_Iphone_12_Pro_Max_128GB_XanhDuong.jpg',174),(175,'Apple_Iphone_12_Pro_Max_128GB_XanhDuong.jpg',175),(176,'Apple_Iphone_12_Pro_Max_128GB_XanhDuong.jpg',176),(177,'Apple_Iphone_12_Pro_Max_128GB_XanhDuong.jpg',177),(178,'Apple_Iphone_12_Pro_Max_128GB_XanhDuong.jpg',178),(179,'Apple_Iphone_12_Pro_Max_128GB_XanhDuong.jpg',169),(180,'Apple_Iphone_12_Pro_Max_128GB_XanhDuong.jpg',180),(181,'Apple_Iphone_12_Pro_Max_521GB_Xam.jpg',181),(182,'Apple_Iphone_12_Pro_Max_521GB_Xam.jpg',182),(183,'Apple_Iphone_12_Pro_Max_521GB_Xam.jpg',183),(184,'Apple_Iphone_12_Pro_Max_521GB_Xam.jpg',184),(185,'Apple_Iphone_12_Pro_Max_521GB_Xam.jpg',185),(186,'Apple_Iphone_12_Pro_Max_521GB_Xam.jpg',186),(187,'Apple_Iphone_12_Pro_Max_521GB_Xam.jpg',187),(188,'Apple_Iphone_12_Pro_Max_521GB_Xam.jpg',188),(189,'Apple_Iphone_12_Pro_Max_521GB_Xam.jpg',189),(190,'Apple_Iphone_12_Pro_Max_521GB_Xam.jpg',190),(191,'Apple_Iphone_12_Pro_Max_128GB_Vang.jpg',191),(192,'Apple_Iphone_12_Pro_Max_128GB_Vang.jpg',192),(193,'Apple_Iphone_12_Pro_Max_128GB_Vang.jpg',193),(194,'Apple_Iphone_12_Pro_Max_128GB_Vang.jpg',194),(195,'Apple_Iphone_12_Pro_Max_128GB_Vang.jpg',195),(196,'Apple_Iphone_12_Pro_Max_128GB_Vang.jpg',196),(197,'Apple_Iphone_12_Pro_Max_128GB_Vang.jpg',197),(198,'Apple_Iphone_12_Pro_Max_128GB_Vang.jpg',198),(199,'Apple_Iphone_12_Pro_Max_128GB_Vang.jpg',199),(200,'Apple_Iphone_12_Pro_Max_128GB_Vang.jpg',200),(201,'Apple_Iphone_13_128GB_XanhDuong.jpg',201),(202,'Apple_Iphone_13_128GB_XanhDuong.jpg',202),(203,'Apple_Iphone_13_128GB_XanhDuong.jpg',203),(204,'Apple_Iphone_13_128GB_XanhDuong.jpg',204),(205,'Apple_Iphone_13_128GB_XanhDuong.jpg',205),(206,'Apple_Iphone_13_128GB_XanhDuong.jpg',206),(207,'Apple_Iphone_13_128GB_XanhDuong.jpg',207),(208,'Apple_Iphone_13_128GB_XanhDuong.jpg',208),(209,'Apple_Iphone_13_128GB_XanhDuong.jpg',209),(210,'Apple_Iphone_13_128GB_XanhDuong.jpg',210),(211,'Apple_Iphone_13_128GB_Xanh_La.webp',211),(212,'Apple_Iphone_13_128GB_Xanh_La.webp',212),(213,'Apple_Iphone_13_128GB_Xanh_La.webp',213),(214,'Apple_Iphone_13_128GB_Xanh_La.webp',214),(215,'Apple_Iphone_13_128GB_Xanh_La.webp',215),(216,'Apple_Iphone_13_128GB_Xanh_La.webp',216),(217,'Apple_Iphone_13_128GB_Xanh_La.webp',217),(218,'Apple_Iphone_13_128GB_Xanh_La.webp',218),(219,'Apple_Iphone_13_128GB_Xanh_La.webp',219),(220,'Apple_Iphone_13_128GB_Xanh_La.webp',220),(221,'Apple_Iphone_13_128GB_Hong.webp',221),(222,'Apple_Iphone_13_128GB_Hong.webp',222),(223,'Apple_Iphone_13_128GB_Hong.webp',223),(224,'Apple_Iphone_13_128GB_Hong.webp',224),(225,'Apple_Iphone_13_128GB_Hong.webp',225),(226,'Apple_Iphone_13_128GB_Hong.webp',226),(227,'Apple_Iphone_13_128GB_Hong.webp',227),(228,'Apple_Iphone_13_128GB_Hong.webp',228),(229,'Apple_Iphone_13_128GB_Hong.webp',229),(230,'Apple_Iphone_13_128GB_Hong.webp',230),(231,'Apple_Iphone_13_128GB_Do.png',231),(232,'Apple_Iphone_13_128GB_Do.png',232),(233,'Apple_Iphone_13_128GB_Do.png',233),(234,'Apple_Iphone_13_128GB_Do.png',234),(235,'Apple_Iphone_13_128GB_Do.png',235),(236,'Apple_Iphone_13_128GB_Do.png',236),(237,'Apple_Iphone_13_128GB_Do.png',237),(238,'Apple_Iphone_13_128GB_Do.png',238),(239,'Apple_Iphone_13_128GB_Do.png',239),(240,'Apple_Iphone_13_128GB_Do.png',240),(241,'Apple_Iphone_13_128GB_Den.jpg',241),(242,'Apple_Iphone_13_128GB_Den.jpg',242),(243,'Apple_Iphone_13_128GB_Den.jpg',243),(244,'Apple_Iphone_13_128GB_Den.jpg',244),(245,'Apple_Iphone_13_128GB_Den.jpg',245),(246,'Apple_Iphone_13_128GB_Den.jpg',246),(247,'Apple_Iphone_13_128GB_Den.jpg',247),(248,'Apple_Iphone_13_128GB_Den.jpg',248),(249,'Apple_Iphone_13_128GB_Den.jpg',249),(250,'Apple_Iphone_13_128GB_Den.jpg',250),(251,'Apple_Iphone_13_128GB_Trang.jpg',251),(252,'Apple_Iphone_13_128GB_Trang.jpg',252),(253,'Apple_Iphone_13_128GB_Trang.jpg',253),(254,'Apple_Iphone_13_128GB_Trang.jpg',254),(255,'Apple_Iphone_13_128GB_Trang.jpg',255),(256,'Apple_Iphone_13_128GB_Trang.jpg',256),(257,'Apple_Iphone_13_128GB_Trang.jpg',257),(258,'Apple_Iphone_13_128GB_Trang.jpg',258),(259,'Apple_Iphone_13_128GB_Trang.jpg',259),(260,'Apple_Iphone_13_128GB_Trang.jpg',260),(261,'Apple_Iphone_14_Pro_Max_128GB_Tim.png',261),(262,'Apple_Iphone_14_Pro_Max_128GB_Tim.png',262),(263,'Apple_Iphone_14_Pro_Max_128GB_Tim.png',263),(264,'Apple_Iphone_14_Pro_Max_128GB_Tim.png',264),(265,'Apple_Iphone_14_Pro_Max_128GB_Tim.png',265),(266,'Apple_Iphone_14_Pro_Max_128GB_Tim.png',266),(267,'Apple_Iphone_14_Pro_Max_128GB_Tim.png',267),(268,'Apple_Iphone_14_Pro_Max_128GB_Tim.png',268),(269,'Apple_Iphone_14_Pro_Max_128GB_Tim.png',269),(270,'Apple_Iphone_14_Pro_Max_128GB_Tim.png',270),(271,'Apple_Iphone_14_Pro_Max_128GB_Do.webp',271),(272,'Apple_Iphone_14_Pro_Max_128GB_Do.webp',272),(273,'Apple_Iphone_14_Pro_Max_128GB_Do.webp',273),(274,'Apple_Iphone_14_Pro_Max_128GB_Do.webp',274),(275,'Apple_Iphone_14_Pro_Max_128GB_Do.webp',275),(276,'Apple_Iphone_14_Pro_Max_128GB_Do.webp',276),(277,'Apple_Iphone_14_Pro_Max_128GB_Do.webp',277),(278,'Apple_Iphone_14_Pro_Max_128GB_Do.webp',278),(279,'Apple_Iphone_14_Pro_Max_128GB_Do.webp',279),(280,'Apple_Iphone_14_Pro_Max_128GB_Do.webp',280),(281,'Apple_Iphone_14_Pro_Max_128GB_Xanh.jpg',281),(282,'Apple_Iphone_14_Pro_Max_128GB_Xanh.jpg',282),(283,'Apple_Iphone_14_Pro_Max_128GB_Xanh.jpg',283),(284,'Apple_Iphone_14_Pro_Max_128GB_Xanh.jpg',284),(285,'Apple_Iphone_14_Pro_Max_128GB_Xanh.jpg',285),(286,'Apple_Iphone_14_Pro_Max_128GB_Xanh.jpg',286),(287,'Apple_Iphone_14_Pro_Max_128GB_Xanh.jpg',287),(288,'Apple_Iphone_14_Pro_Max_128GB_Xanh.jpg',288),(289,'Apple_Iphone_14_Pro_Max_128GB_Xanh.jpg',289),(290,'Apple_Iphone_14_Pro_Max_128GB_Xanh.jpg',290),(291,'Apple_Iphone_14_Pro_Max_128GB_Den.jpg',291),(292,'Apple_Iphone_14_Pro_Max_128GB_Den.jpg',292),(293,'Apple_Iphone_14_Pro_Max_128GB_Den.jpg',293),(294,'Apple_Iphone_14_Pro_Max_128GB_Den.jpg',294),(295,'Apple_Iphone_14_Pro_Max_128GB_Den.jpg',295),(296,'Apple_Iphone_14_Pro_Max_128GB_Den.jpg',296),(297,'Apple_Iphone_14_Pro_Max_128GB_Den.jpg',297),(298,'Apple_Iphone_14_Pro_Max_128GB_Den.jpg',298),(299,'Apple_Iphone_14_Pro_Max_128GB_Den.jpg',299),(300,'Apple_Iphone_14_Pro_Max_128GB_Den.jpg',300),(301,'Apple_Iphone_14_Pro_Max_128GB_Trang.jpg',301),(302,'Apple_Iphone_14_Pro_Max_128GB_Trang.jpg',302),(303,'Apple_Iphone_14_Pro_Max_128GB_Trang.jpg',303),(304,'Apple_Iphone_14_Pro_Max_128GB_Trang.jpg',304),(305,'Apple_Iphone_14_Pro_Max_128GB_Trang.jpg',305),(306,'Apple_Iphone_14_Pro_Max_128GB_Trang.jpg',306),(307,'Apple_Iphone_14_Pro_Max_128GB_Trang.jpg',307),(308,'Apple_Iphone_14_Pro_Max_128GB_Trang.jpg',308),(309,'Apple_Iphone_14_Pro_Max_128GB_Trang.jpg',309),(310,'Apple_Iphone_14_Pro_Max_128GB_Trang.jpg',310),(311,'Apple_Iphone_15_Pro_Max_128GB_Vang.png',311),(312,'Apple_Iphone_15_Pro_Max_128GB_Vang.png',312),(313,'Apple_Iphone_15_Pro_Max_128GB_Vang.png',313),(314,'Apple_Iphone_15_Pro_Max_128GB_Vang.png',314),(315,'Apple_Iphone_15_Pro_Max_128GB_Vang.png',315),(316,'Apple_Iphone_15_Pro_Max_128GB_Vang.png',316),(317,'Apple_Iphone_15_Pro_Max_128GB_Vang.png',317),(318,'Apple_Iphone_15_Pro_Max_128GB_Vang.png',318),(319,'Apple_Iphone_15_Pro_Max_128GB_Vang.png',319),(320,'Apple_Iphone_15_Pro_Max_128GB_Vang.png',320),(321,'Apple_Iphone_15_Pro_Max_128GB_XanhDuong.jpg',321),(322,'Apple_Iphone_15_Pro_Max_128GB_XanhDuong.jpg',322),(323,'Apple_Iphone_15_Pro_Max_128GB_XanhDuong.jpg',323),(324,'Apple_Iphone_15_Pro_Max_128GB_XanhDuong.jpg',324),(325,'Apple_Iphone_15_Pro_Max_128GB_XanhDuong.jpg',325),(326,'Apple_Iphone_15_Pro_Max_128GB_XanhDuong.jpg',326),(327,'Apple_Iphone_15_Pro_Max_128GB_XanhDuong.jpg',327),(328,'Apple_Iphone_15_Pro_Max_128GB_XanhDuong.jpg',328),(329,'Apple_Iphone_15_Pro_Max_128GB_XanhDuong.jpg',329),(330,'Apple_Iphone_15_Pro_Max_128GB_XanhDuong.jpg',330),(331,'Apple_Iphone_15_Pro_Max_128GB_XanhLa.jpg',331),(332,'Apple_Iphone_15_Pro_Max_128GB_XanhLa.jpg',332),(333,'Apple_Iphone_15_Pro_Max_128GB_XanhLa.jpg',333),(334,'Apple_Iphone_15_Pro_Max_128GB_XanhLa.jpg',334),(335,'Apple_Iphone_15_Pro_Max_128GB_XanhLa.jpg',335),(336,'Apple_Iphone_15_Pro_Max_128GB_XanhLa.jpg',336),(337,'Apple_Iphone_15_Pro_Max_128GB_XanhLa.jpg',337),(338,'Apple_Iphone_15_Pro_Max_128GB_XanhLa.jpg',338),(339,'Apple_Iphone_15_Pro_Max_128GB_XanhLa.jpg',339),(340,'Apple_Iphone_15_Pro_Max_128GB_XanhLa.jpg',340),(341,'Apple_Iphone_15_Pro_Max_256GB_Hong.jpg',341),(342,'Apple_Iphone_15_Pro_Max_256GB_Hong.jpg',342),(343,'Apple_Iphone_15_Pro_Max_256GB_Hong.jpg',343),(344,'Apple_Iphone_15_Pro_Max_256GB_Hong.jpg',344),(345,'Apple_Iphone_15_Pro_Max_256GB_Hong.jpg',345),(346,'Apple_Iphone_15_Pro_Max_256GB_Hong.jpg',346),(347,'Apple_Iphone_15_Pro_Max_256GB_Hong.jpg',347),(348,'Apple_Iphone_15_Pro_Max_256GB_Hong.jpg',348),(349,'Apple_Iphone_15_Pro_Max_256GB_Hong.jpg',349),(350,'Apple_Iphone_15_Pro_Max_256GB_Hong.jpg',350),(351,'Apple_Iphone_15_Pro_Max_128GB_Den.jpg',351),(352,'Apple_Iphone_15_Pro_Max_128GB_Den.jpg',352),(353,'Apple_Iphone_15_Pro_Max_128GB_Den.jpg',353),(354,'Apple_Iphone_15_Pro_Max_128GB_Den.jpg',354),(355,'Apple_Iphone_15_Pro_Max_128GB_Den.jpg',355),(356,'Apple_Iphone_15_Pro_Max_128GB_Den.jpg',356),(357,'Apple_Iphone_15_Pro_Max_128GB_Den.jpg',357),(358,'Apple_Iphone_15_Pro_Max_128GB_Den.jpg',358),(359,'Apple_Iphone_15_Pro_Max_128GB_Den.jpg',359),(360,'Apple_Iphone_15_Pro_Max_128GB_Den.jpg',360),(361,'Apple_Iphone_16_Pro_Max_128GB_Xanh.jpg',361),(362,'Apple_Iphone_16_Pro_Max_128GB_Xanh.jpg',362),(363,'Apple_Iphone_16_Pro_Max_128GB_Xanh.jpg',363),(364,'Apple_Iphone_16_Pro_Max_128GB_Xanh.jpg',364),(365,'Apple_Iphone_16_Pro_Max_128GB_Xanh.jpg',365),(366,'Apple_Iphone_16_Pro_Max_128GB_Xanh.jpg',366),(367,'Apple_Iphone_16_Pro_Max_128GB_Xanh.jpg',367),(368,'Apple_Iphone_16_Pro_Max_128GB_Xanh.jpg',368),(369,'Apple_Iphone_16_Pro_Max_128GB_Xanh.jpg',369),(370,'Apple_Iphone_16_Pro_Max_128GB_Xanh.jpg',370),(371,'Apple_Iphone_16_Pro_Max_128GB_Hong.jpg',371),(372,'Apple_Iphone_16_Pro_Max_128GB_Hong.jpg',372),(373,'Apple_Iphone_16_Pro_Max_128GB_Hong.jpg',373),(374,'Apple_Iphone_16_Pro_Max_128GB_Hong.jpg',374),(375,'Apple_Iphone_16_Pro_Max_128GB_Hong.jpg',375),(376,'Apple_Iphone_16_Pro_Max_128GB_Hong.jpg',376),(377,'Apple_Iphone_16_Pro_Max_128GB_Hong.jpg',377),(378,'Apple_Iphone_16_Pro_Max_128GB_Hong.jpg',378),(379,'Apple_Iphone_16_Pro_Max_128GB_Hong.jpg',379),(380,'Apple_Iphone_16_Pro_Max_128GB_Hong.jpg',380),(381,'Apple_Iphone_16_Pro_Max_128GB_Den.jpg',381),(382,'Apple_Iphone_16_Pro_Max_128GB_Den.jpg',382),(383,'Apple_Iphone_16_Pro_Max_128GB_Den.jpg',383),(384,'Apple_Iphone_16_Pro_Max_128GB_Den.jpg',384),(385,'Apple_Iphone_16_Pro_Max_128GB_Den.jpg',385),(386,'Apple_Iphone_16_Pro_Max_128GB_Den.jpg',386),(387,'Apple_Iphone_16_Pro_Max_128GB_Den.jpg',387),(388,'Apple_Iphone_16_Pro_Max_128GB_Den.jpg',388),(389,'Apple_Iphone_16_Pro_Max_128GB_Den.jpg',389),(390,'Apple_Iphone_16_Pro_Max_128GB_Den.jpg',390),(391,'Apple_Iphone_16_Pro_Max_128GB_Trang.webp',391),(392,'Apple_Iphone_16_Pro_Max_128GB_Trang.webp',392),(393,'Apple_Iphone_16_Pro_Max_128GB_Trang.webp',393),(394,'Apple_Iphone_16_Pro_Max_128GB_Trang.webp',394),(395,'Apple_Iphone_16_Pro_Max_128GB_Trang.webp',395),(396,'Apple_Iphone_16_Pro_Max_128GB_Trang.webp',396),(397,'Apple_Iphone_16_Pro_Max_128GB_Trang.webp',397),(398,'Apple_Iphone_16_Pro_Max_128GB_Trang.webp',398),(399,'Apple_Iphone_16_Pro_Max_128GB_Trang.webp',399),(400,'Apple_Iphone_16_Pro_Max_128GB_Trang.webp',400),(401,'Apple_Iphone_16_Pro_Max_128GB_Sa_Mac.jpg',401),(402,'Apple_Iphone_16_Pro_Max_128GB_Sa_Mac.jpg',402),(403,'Apple_Iphone_16_Pro_Max_128GB_Sa_Mac.jpg',403),(404,'Apple_Iphone_16_Pro_Max_128GB_Sa_Mac.jpg',404),(405,'Apple_Iphone_16_Pro_Max_128GB_Sa_Mac.jpg',405),(406,'Apple_Iphone_16_Pro_Max_128GB_Sa_Mac.jpg',406),(407,'Apple_Iphone_16_Pro_Max_128GB_Sa_Mac.jpg',407),(408,'Apple_Iphone_16_Pro_Max_128GB_Sa_Mac.jpg',408),(409,'Apple_Iphone_16_Pro_Max_128GB_Sa_Mac.jpg',409),(410,'Apple_Iphone_16_Pro_Max_128GB_Sa_Mac.jpg',410),(411,'OPPO_Reno12_5G_12GB_256GB_Bac.png',411),(412,'OPPO_Reno12_5G_12GB_256GB_Bac.png',412),(413,'OPPO_Reno12_5G_12GB_256GB_Bac.png',413),(414,'OPPO_Reno12_5G_12GB_256GB_Bac.png',414),(415,'OPPO_Reno12_5G_12GB_256GB_Bac.png',415),(416,'OPPO_Reno12_5G_12GB_256GB_Bac.png',416),(417,'OPPO_Reno12_5G_12GB_256GB_Bac.png',417),(418,'OPPO_Reno12_5G_12GB_256GB_Bac.png',418),(419,'OPPO_Reno12_5G_12GB_256GB_Bac.png',419),(420,'OPPO_Reno12_5G_12GB_256GB_Bac.png',420),(421,'OPPO_Reno12_5G_12GB_256GB_Nau_Dong.png',421),(422,'OPPO_Reno12_5G_12GB_256GB_Nau_Dong.png',422),(423,'OPPO_Reno12_5G_12GB_256GB_Nau_Dong.png',423),(424,'OPPO_Reno12_5G_12GB_256GB_Nau_Dong.png',424),(425,'OPPO_Reno12_5G_12GB_256GB_Nau_Dong.png',425),(426,'OPPO_Reno12_5G_12GB_256GB_Nau_Dong.png',426),(427,'OPPO_Reno12_5G_12GB_256GB_Nau_Dong.png',427),(428,'OPPO_Reno12_5G_12GB_256GB_Nau_Dong.png',428),(429,'OPPO_Reno12_5G_12GB_256GB_Nau_Dong.png',429),(430,'OPPO_Reno12_5G_12GB_256GB_Nau_Dong.png',430),(431,'OPPO_A77s_8GB_128GB_Den.jpg',431),(432,'OPPO_A77s_8GB_128GB_Den.jpg',432),(433,'OPPO_A77s_8GB_128GB_Den.jpg',433),(434,'OPPO_A77s_8GB_128GB_Den.jpg',434),(435,'OPPO_A77s_8GB_128GB_Den.jpg',435),(436,'OPPO_A77s_8GB_128GB_Den.jpg',436),(437,'OPPO_A77s_8GB_128GB_Den.jpg',437),(438,'OPPO_A77s_8GB_128GB_Den.jpg',438),(439,'OPPO_A77s_8GB_128GB_Den.jpg',439),(440,'OPPO_A77s_8GB_128GB_Den.jpg',440),(441,'OPPO_A77s_8GB_128GB_Xanh.jpg',441),(442,'OPPO_A77s_8GB_128GB_Xanh.jpg',442),(443,'OPPO_A77s_8GB_128GB_Xanh.jpg',443),(444,'OPPO_A77s_8GB_128GB_Xanh.jpg',444),(445,'OPPO_A77s_8GB_128GB_Xanh.jpg',445),(446,'OPPO_A77s_8GB_128GB_Xanh.jpg',446),(447,'OPPO_A77s_8GB_128GB_Xanh.jpg',447),(448,'OPPO_A77s_8GB_128GB_Xanh.jpg',448),(449,'OPPO_A77s_8GB_128GB_Xanh.jpg',448),(450,'OPPO_A77s_8GB_128GB_Xanh.jpg',450),(451,'OPPO_A79_5G_8GB_256GB_Den.webp',451),(452,'OPPO_A79_5G_8GB_256GB_Den.webp',452),(453,'OPPO_A79_5G_8GB_256GB_Den.webp',453),(454,'OPPO_A79_5G_8GB_256GB_Den.webp',454),(455,'OPPO_A79_5G_8GB_256GB_Den.webp',455),(456,'OPPO_A79_5G_8GB_256GB_Den.webp',456),(457,'OPPO_A79_5G_8GB_256GB_Den.webp',457),(458,'OPPO_A79_5G_8GB_256GB_Den.webp',458),(459,'OPPO_A79_5G_8GB_256GB_Den.webp',459),(460,'OPPO_A79_5G_8GB_256GB_Den.webp',460),(461,'OPPO_A79_5G_8GB_256GB_Tim.jpg',461),(462,'OPPO_A79_5G_8GB_256GB_Tim.jpg',462),(463,'OPPO_A79_5G_8GB_256GB_Tim.jpg',463),(464,'OPPO_A79_5G_8GB_256GB_Tim.jpg',464),(465,'OPPO_A79_5G_8GB_256GB_Tim.jpg',465),(466,'OPPO_A79_5G_8GB_256GB_Tim.jpg',466),(467,'OPPO_A79_5G_8GB_256GB_Tim.jpg',467),(468,'OPPO_A79_5G_8GB_256GB_Tim.jpg',468),(469,'OPPO_A79_5G_8GB_256GB_Tim.jpg',469),(470,'OPPO_A79_5G_8GB_256GB_Tim.jpg',470),(471,'OPPO_A18_4GB_128GB_Den.png',471),(472,'OPPO_A18_4GB_128GB_Den.png',472),(473,'OPPO_A18_4GB_128GB_Den.png',473),(474,'OPPO_A18_4GB_128GB_Den.png',474),(475,'OPPO_A18_4GB_128GB_Den.png',475),(476,'OPPO_A18_4GB_128GB_Den.png',476),(477,'OPPO_A18_4GB_128GB_Den.png',477),(478,'OPPO_A18_4GB_128GB_Den.png',478),(479,'OPPO_A18_4GB_128GB_Den.png',479),(480,'OPPO_A18_4GB_128GB_Den.png',480),(481,'OPPO_A18_4GB_128GB_Xanh_Duong.jpg',481),(482,'OPPO_A18_4GB_128GB_Xanh_Duong.jpg',482),(483,'OPPO_A18_4GB_128GB_Xanh_Duong.jpg',483),(484,'OPPO_A18_4GB_128GB_Xanh_Duong.jpg',484),(485,'OPPO_A18_4GB_128GB_Xanh_Duong.jpg',485),(486,'OPPO_A18_4GB_128GB_Xanh_Duong.jpg',486),(487,'OPPO_A18_4GB_128GB_Xanh_Duong.jpg',487),(488,'OPPO_A18_4GB_128GB_Xanh_Duong.jpg',488),(489,'OPPO_A18_4GB_128GB_Xanh_Duong.jpg',489),(490,'OPPO_A18_4GB_128GB_Xanh_Duong.jpg',490),(491,'OPPO_Find_X5_Pro_5G_12GB_256GB-Trang.jpg',491),(492,'OPPO_Find_X5_Pro_5G_12GB_256GB-Trang.jpg',492),(493,'OPPO_Find_X5_Pro_5G_12GB_256GB-Trang.jpg',493),(494,'OPPO_Find_X5_Pro_5G_12GB_256GB-Trang.jpg',494),(495,'OPPO_Find_X5_Pro_5G_12GB_256GB-Trang.jpg',495),(496,'OPPO_Find_X5_Pro_5G_12GB_256GB-Trang.jpg',496),(497,'OPPO_Find_X5_Pro_5G_12GB_256GB-Trang.jpg',497),(498,'OPPO_Find_X5_Pro_5G_12GB_256GB-Trang.jpg',498),(499,'OPPO_Find_X5_Pro_5G_12GB_256GB-Trang.jpg',499),(500,'OPPO_Find_X5_Pro_5G_12GB_256GB-Trang.jpg',500),(501,'OPPO_Find_X5P_Pro_5G_12GB_256GB_Den.jpg',501),(502,'OPPO_Find_X5P_Pro_5G_12GB_256GB_Den.jpg',502),(503,'OPPO_Find_X5P_Pro_5G_12GB_256GB_Den.jpg',503),(504,'OPPO_Find_X5P_Pro_5G_12GB_256GB_Den.jpg',504),(505,'OPPO_Find_X5P_Pro_5G_12GB_256GB_Den.jpg',505),(506,'OPPO_Find_X5P_Pro_5G_12GB_256GB_Den.jpg',506),(507,'OPPO_Find_X5P_Pro_5G_12GB_256GB_Den.jpg',507),(508,'OPPO_Find_X5P_Pro_5G_12GB_256GB_Den.jpg',508),(509,'OPPO_Find_X5P_Pro_5G_12GB_256GB_Den.jpg',509),(510,'OPPO_Find_X5P_Pro_5G_12GB_256GB_Den.jpg',510),(511,'OPPO_Reno13_F_5G_12GB_256GB_Xam.png',511),(512,'OPPO_Reno13_F_5G_12GB_256GB_Xam.png',512),(513,'OPPO_Reno13_F_5G_12GB_256GB_Xam.png',513),(514,'OPPO_Reno13_F_5G_12GB_256GB_Xam.png',514),(515,'OPPO_Reno13_F_5G_12GB_256GB_Xam.png',515),(516,'OPPO_Reno13_F_5G_12GB_256GB_Xam.png',516),(517,'OPPO_Reno13_F_5G_12GB_256GB_Xam.png',517),(518,'OPPO_Reno13_F_5G_12GB_256GB_Xam.png',518),(519,'OPPO_Reno13_F_5G_12GB_256GB_Xam.png',519),(520,'OPPO_Reno13_F_5G_12GB_256GB_Xam.png',520),(521,'OPPO_Reno13_F_5G_12GB_256GB_Tim.png',521),(522,'OPPO_Reno13_F_5G_12GB_256GB_Tim.png',522),(523,'OPPO_Reno13_F_5G_12GB_256GB_Tim.png',523),(524,'OPPO_Reno13_F_5G_12GB_256GB_Tim.png',524),(525,'OPPO_Reno13_F_5G_12GB_256GB_Tim.png',525),(526,'OPPO_Reno13_F_5G_12GB_256GB_Tim.png',526),(527,'OPPO_Reno13_F_5G_12GB_256GB_Tim.png',527),(528,'OPPO_Reno13_F_5G_12GB_256GB_Tim.png',528),(529,'OPPO_Reno13_F_5G_12GB_256GB_Tim.png',529),(530,'OPPO_Reno13_F_5G_12GB_256GB_Tim.png',530),(531,'realme_C53_8GB_256GB_Den.jpg',531),(532,'realme_C53_8GB_256GB_Den.jpg',532),(533,'realme_C53_8GB_256GB_Den.jpg',533),(534,'realme_C53_8GB_256GB_Den.jpg',534),(535,'realme_C53_8GB_256GB_Den.jpg',535),(536,'realme_C53_8GB_256GB_Den.jpg',536),(537,'realme_C53_8GB_256GB_Den.jpg',537),(538,'realme_C53_8GB_256GB_Den.jpg',538),(539,'realme_C53_8GB_256GB_Den.jpg',539),(540,'realme_C53_8GB_256GB_Den.jpg',540),(541,'realme_C53_8GB_256GB_Vang.jpg',541),(542,'realme_C53_8GB_256GB_Vang.jpg',542),(543,'realme_C53_8GB_256GB_Vang.jpg',543),(544,'realme_C53_8GB_256GB_Vang.jpg',544),(545,'realme_C53_8GB_256GB_Vang.jpg',545),(546,'realme_C53_8GB_256GB_Vang.jpg',546),(547,'realme_C53_8GB_256GB_Vang.jpg',547),(548,'realme_C53_8GB_256GB_Vang.jpg',548),(549,'realme_C53_8GB_256GB_Vang.jpg',549),(550,'realme_C53_8GB_256GB_Vang.jpg',550),(551,'realme_Note_60_4GB_64GB_Xanh_Duong.webp',551),(552,'realme_Note_60_4GB_64GB_Xanh_Duong.webp',552),(553,'realme_Note_60_4GB_64GB_Xanh_Duong.webp',553),(554,'realme_Note_60_4GB_64GB_Xanh_Duong.webp',554),(555,'realme_Note_60_4GB_64GB_Xanh_Duong.webp',555),(556,'realme_Note_60_4GB_64GB_Xanh_Duong.webp',56),(557,'realme_Note_60_4GB_64GB_Xanh_Duong.webp',557),(558,'realme_Note_60_4GB_64GB_Xanh_Duong.webp',558),(559,'realme_Note_60_4GB_64GB_Xanh_Duong.webp',559),(560,'realme_Note_60_4GB_64GB_Xanh_Duong.webp',560),(561,'realme_Note_60_4GB_64GB_Den.jpg',561),(562,'realme_Note_60_4GB_64GB_Den.jpg',562),(563,'realme_Note_60_4GB_64GB_Den.jpg',563),(564,'realme_Note_60_4GB_64GB_Den.jpg',564),(565,'realme_Note_60_4GB_64GB_Den.jpg',565),(566,'realme_Note_60_4GB_64GB_Den.jpg',566),(567,'realme_Note_60_4GB_64GB_Den.jpg',567),(568,'realme_Note_60_4GB_64GB_Den.jpg',568),(569,'realme_Note_60_4GB_64GB_Den.jpg',569),(570,'realme_Note_60_4GB_64GB_Den.jpg',570),(571,'realme_C61_6GB_128GB_Xanh.jpg',571),(572,'realme_C61_6GB_128GB_Xanh.jpg',572),(573,'realme_C61_6GB_128GB_Xanh.jpg',573),(574,'realme_C61_6GB_128GB_Xanh.jpg',574),(575,'realme_C61_6GB_128GB_Xanh.jpg',575),(576,'realme_C61_6GB_128GB_Xanh.jpg',576),(577,'realme_C61_6GB_128GB_Xanh.jpg',577),(578,'realme_C61_6GB_128GB_Xanh.jpg',578),(579,'realme_C61_6GB_128GB_Xanh.jpg',579),(580,'realme_C61_6GB_128GB_Xanh.jpg',580),(581,'realme_C60_4GB_64GB_Den.jpg',581),(582,'realme_C60_4GB_64GB_Den.jpg',582),(583,'realme_C60_4GB_64GB_Den.jpg',583),(584,'realme_C60_4GB_64GB_Den.jpg',584),(585,'realme_C60_4GB_64GB_Den.jpg',585),(586,'realme_C60_4GB_64GB_Den.jpg',586),(587,'realme_C60_4GB_64GB_Den.jpg',587),(588,'realme_C60_4GB_64GB_Den.jpg',588),(589,'realme_C60_4GB_64GB_Den.jpg',589),(590,'realme_C60_4GB_64GB_Den.jpg',590),(591,'realme_C61_6GB_128GB_Xanh.jpg',591),(592,'realme_C61_6GB_128GB_Xanh.jpg',592),(593,'realme_C61_6GB_128GB_Xanh.jpg',593),(594,'realme_C61_6GB_128GB_Xanh.jpg',594),(595,'realme_C61_6GB_128GB_Xanh.jpg',595),(596,'realme_C61_6GB_128GB_Xanh.jpg',596),(597,'realme_C61_6GB_128GB_Xanh.jpg',597),(598,'realme_C61_6GB_128GB_Xanh.jpg',598),(599,'realme_C61_6GB_128GB_Xanh.jpg',599),(600,'realme_C61_6GB_128GB_Xanh.jpg',600),(601,'realme_C61_6GB_128GB_Vang.jpg',601),(602,'realme_C61_6GB_128GB_Vang.jpg',602),(603,'realme_C61_6GB_128GB_Vang.jpg',603),(604,'realme_C61_6GB_128GB_Vang.jpg',604),(605,'realme_C61_6GB_128GB_Vang.jpg',605),(606,'realme_C61_6GB_128GB_Vang.jpg',606),(607,'realme_C61_6GB_128GB_Vang.jpg',607),(608,'realme_C61_6GB_128GB_Vang.jpg',608),(609,'realme_C61_6GB_128GB_Vang.jpg',609),(610,'realme_C61_6GB_128GB_Vang.jpg',610),(611,'realme_13_5G_8G_256GB_Tim.jpg',611),(612,'realme_13_5G_8G_256GB_Tim.jpg',612),(613,'realme_13_5G_8G_256GB_Tim.jpg',613),(614,'realme_13_5G_8G_256GB_Tim.jpg',614),(615,'realme_13_5G_8G_256GB_Tim.jpg',615),(616,'realme_13_5G_8G_256GB_Tim.jpg',616),(617,'realme_13_5G_8G_256GB_Tim.jpg',617),(618,'realme_13_5G_8G_256GB_Tim.jpg',618),(619,'realme_13_5G_8G_256GB_Tim.jpg',619),(620,'realme_13_5G_8G_256GB_Tim.jpg',620),(621,'realme_13_5G_8GB 256GB_Vang.jpg',621),(622,'realme_13_5G_8GB 256GB_Vang.jpg',622),(623,'realme_13_5G_8GB 256GB_Vang.jpg',623),(624,'realme_13_5G_8GB 256GB_Vang.jpg',624),(625,'realme_13_5G_8GB 256GB_Vang.jpg',625),(626,'realme_13_5G_8GB 256GB_Vang.jpg',626),(627,'realme_13_5G_8GB 256GB_Vang.jpg',627),(628,'realme_13_5G_8GB 256GB_Vang.jpg',628),(629,'realme_13_5G_8GB 256GB_Vang.jpg',629),(630,'realme_13_5G_8GB 256GB_Vang.jpg',630),(631,'realme_C65s_8GB_256GB_XanhLa.jpg',631),(632,'realme_C65s_8GB_256GB_XanhLa.jpg',632),(633,'realme_C65s_8GB_256GB_XanhLa.jpg',633),(634,'realme_C65s_8GB_256GB_XanhLa.jpg',634),(635,'realme_C65s_8GB_256GB_XanhLa.jpg',635),(636,'realme_C65s_8GB_256GB_XanhLa.jpg',636),(637,'realme_C65s_8GB_256GB_XanhLa.jpg',637),(638,'realme_C65s_8GB_256GB_XanhLa.jpg',638),(639,'realme_C65s_8GB_256GB_XanhLa.jpg',639),(640,'realme_C65s_8GB_256GB_XanhLa.jpg',640),(641,'realme_C65_8GB_256GB_XanhDuong.jpg',641),(642,'realme_C65_8GB_256GB_XanhDuong.jpg',642),(643,'realme_C65_8GB_256GB_XanhDuong.jpg',643),(644,'realme_C65_8GB_256GB_XanhDuong.jpg',644),(645,'realme_C65_8GB_256GB_XanhDuong.jpg',645),(646,'realme_C65_8GB_256GB_XanhDuong.jpg',646),(647,'realme_C65_8GB_256GB_XanhDuong.jpg',647),(648,'realme_C65_8GB_256GB_XanhDuong.jpg',648),(649,'realme_C65_8GB_256GB_XanhDuong.jpg',649),(650,'realme_C65_8GB_256GB_XanhDuong.jpg',650),(1000,'I24_Ultra_5G_Unlocked_Phones_Black.jpg',1000),(1001,'I24_Ultra_5G_Unlocked_Phones_Black.jpg',1001),(1002,'I24_Ultra_5G_Unlocked_Phones_Black.jpg',1002),(1003,'I24_Ultra_5G_Unlocked_Phones_Black.jpg',1003),(1004,'I24_Ultra_5G_Unlocked_Phones_Black.jpg',1004),(1005,'I24_Ultra_5G_Unlocked_Phones_Black.jpg',1005),(1006,'I24_Ultra_5G_Unlocked_Phones_Black.jpg',1006),(1007,'I24_Ultra_5G_Unlocked_Phones_Black.jpg',1007),(1008,'I24_Ultra_5G_Unlocked_Phones_Black.jpg',1008),(1009,'I24_Ultra_5G_Unlocked_Phones_Black.jpg',1009),(1010,'I24_Ultra_5G_Unlocked_Phones_Blue.jpg',1010),(1011,'I24_Ultra_5G_Unlocked_Phones_Blue.jpg',1011),(1012,'I24_Ultra_5G_Unlocked_Phones_Blue.jpg',1012),(1013,'I24_Ultra_5G_Unlocked_Phones_Blue.jpg',1013),(1014,'I24_Ultra_5G_Unlocked_Phones_Blue.jpg',1014),(1015,'I24_Ultra_5G_Unlocked_Phones_Blue.jpg',1015),(1016,'I24_Ultra_5G_Unlocked_Phones_Blue.jpg',1016),(1017,'I24_Ultra_5G_Unlocked_Phones_Blue.jpg',1017),(1018,'I24_Ultra_5G_Unlocked_Phones_Blue.jpg',1018),(1019,'I24_Ultra_5G_Unlocked_Phones_Blue.jpg',1019),(1020,'I24_Ultra_5G_Unlocked_Phones_Cyan.jpg',1020),(1021,'I24_Ultra_5G_Unlocked_Phones_Cyan.jpg',1021),(1022,'I24_Ultra_5G_Unlocked_Phones_Cyan.jpg',1022),(1023,'I24_Ultra_5G_Unlocked_Phones_Cyan.jpg',1023),(1024,'I24_Ultra_5G_Unlocked_Phones_Cyan.jpg',1024),(1025,'I24_Ultra_5G_Unlocked_Phones_Cyan.jpg',1025),(1026,'I24_Ultra_5G_Unlocked_Phones_Cyan.jpg',1026),(1027,'I24_Ultra_5G_Unlocked_Phones_Cyan.jpg',1027),(1028,'I24_Ultra_5G_Unlocked_Phones_Cyan.jpg',1028),(1029,'I24_Ultra_5G_Unlocked_Phones_Cyan.jpg',1029),(1030,'I24_Ultra_5G_Unlocked_Phones_Gray.jpg',1030),(1031,'I24_Ultra_5G_Unlocked_Phones_Gray.jpg',1031),(1032,'I24_Ultra_5G_Unlocked_Phones_Gray.jpg',1032),(1033,'I24_Ultra_5G_Unlocked_Phones_Gray.jpg',1033),(1034,'I24_Ultra_5G_Unlocked_Phones_Gray.jpg',1034),(1035,'I24_Ultra_5G_Unlocked_Phones_Gray.jpg',1035),(1036,'I24_Ultra_5G_Unlocked_Phones_Gray.jpg',1036),(1037,'I24_Ultra_5G_Unlocked_Phones_Gray.jpg',1037),(1038,'I24_Ultra_5G_Unlocked_Phones_Gray.jpg',1038),(1039,'I24_Ultra_5G_Unlocked_Phones_Gray.jpg',1039),(1040,'I25_Ultra_Unlocked_Phone_12+512GB_Blue.jpg',1040),(1041,'I25_Ultra_Unlocked_Phone_12+512GB_Blue.jpg',1041),(1042,'I25_Ultra_Unlocked_Phone_12+512GB_Blue.jpg',1042),(1043,'I25_Ultra_Unlocked_Phone_12+512GB_Blue.jpg',1043),(1044,'I25_Ultra_Unlocked_Phone_12+512GB_Blue.jpg',1044),(1045,'I25_Ultra_Unlocked_Phone_12+512GB_Blue.jpg',1045),(1046,'I25_Ultra_Unlocked_Phone_12+512GB_Blue.jpg',1046),(1047,'I25_Ultra_Unlocked_Phone_12+512GB_Blue.jpg',1047),(1048,'I25_Ultra_Unlocked_Phone_12+512GB_Blue.jpg',1048),(1049,'I25_Ultra_Unlocked_Phone_12+512GB_Blue.jpg',1049),(1050,'I25_Ultra_Unlocked_Phone_12+512GB_Gold.jpg',1050),(1051,'I25_Ultra_Unlocked_Phone_12+512GB_Gold.jpg',1051),(1052,'I25_Ultra_Unlocked_Phone_12+512GB_Gold.jpg',1052),(1053,'I25_Ultra_Unlocked_Phone_12+512GB_Gold.jpg',1053),(1054,'I25_Ultra_Unlocked_Phone_12+512GB_Gold.jpg',1054),(1055,'I25_Ultra_Unlocked_Phone_12+512GB_Gold.jpg',1055),(1056,'I25_Ultra_Unlocked_Phone_12+512GB_Gold.jpg',1056),(1057,'I25_Ultra_Unlocked_Phone_12+512GB_Gold.jpg',1057),(1058,'I25_Ultra_Unlocked_Phone_12+512GB_Gold.jpg',1058),(1059,'I25_Ultra_Unlocked_Phone_12+512GB_Gold.jpg',1059),(1060,'I25_Ultra_Unlocked_Phone_12+512GB_Green.jpg',1060),(1061,'I25_Ultra_Unlocked_Phone_12+512GB_Green.jpg',1061),(1062,'I25_Ultra_Unlocked_Phone_12+512GB_Green.jpg',1062),(1063,'I25_Ultra_Unlocked_Phone_12+512GB_Green.jpg',1063),(1064,'I25_Ultra_Unlocked_Phone_12+512GB_Green.jpg',1064),(1065,'I25_Ultra_Unlocked_Phone_12+512GB_Green.jpg',1065),(1066,'I25_Ultra_Unlocked_Phone_12+512GB_Green.jpg',1066),(1067,'I25_Ultra_Unlocked_Phone_12+512GB_Green.jpg',1067),(1068,'I25_Ultra_Unlocked_Phone_12+512GB_Green.jpg',1068),(1069,'I25_Ultra_Unlocked_Phone_12+512GB_Green.jpg',1069),(1070,'I25_Ultra_Unlocked_Phone_12+512GB_Purple.jpg',1070),(1071,'I25_Ultra_Unlocked_Phone_12+512GB_Purple.jpg',1071),(1072,'I25_Ultra_Unlocked_Phone_12+512GB_Purple.jpg',1072),(1073,'I25_Ultra_Unlocked_Phone_12+512GB_Purple.jpg',1073),(1074,'I25_Ultra_Unlocked_Phone_12+512GB_Purple.jpg',1074),(1075,'I25_Ultra_Unlocked_Phone_12+512GB_Purple.jpg',1075),(1076,'I25_Ultra_Unlocked_Phone_12+512GB_Purple.jpg',1076),(1077,'I25_Ultra_Unlocked_Phone_12+512GB_Purple.jpg',1077),(1078,'I25_Ultra_Unlocked_Phone_12+512GB_Purple.jpg',1078),(1079,'I25_Ultra_Unlocked_Phone_12+512GB_Purple.jpg',1079),(1080,'SAMSUNG_Galaxy_A16_4G_LTE_Black.jpg',1080),(1081,'SAMSUNG_Galaxy_A16_4G_LTE_Black.jpg',1081),(1082,'SAMSUNG_Galaxy_A16_4G_LTE_Black.jpg',1082),(1083,'SAMSUNG_Galaxy_A16_4G_LTE_Black.jpg',1083),(1084,'SAMSUNG_Galaxy_A16_4G_LTE_Black.jpg',1084),(1085,'SAMSUNG_Galaxy_A16_4G_LTE_Black.jpg',1085),(1086,'SAMSUNG_Galaxy_A16_4G_LTE_Black.jpg',1086),(1087,'SAMSUNG_Galaxy_A16_4G_LTE_Black.jpg',1087),(1088,'SAMSUNG_Galaxy_A16_4G_LTE_Black.jpg',1088),(1089,'SAMSUNG_Galaxy_A16_4G_LTE_Black.jpg',1089),(1090,'SAMSUNG_Galaxy_A16_4G_LTE_Gray.jpg',1090),(1091,'SAMSUNG_Galaxy_A16_4G_LTE_Gray.jpg',1091),(1092,'SAMSUNG_Galaxy_A16_4G_LTE_Gray.jpg',1092),(1093,'SAMSUNG_Galaxy_A16_4G_LTE_Gray.jpg',1093),(1094,'SAMSUNG_Galaxy_A16_4G_LTE_Gray.jpg',1094),(1095,'SAMSUNG_Galaxy_A16_4G_LTE_Gray.jpg',1095),(1096,'SAMSUNG_Galaxy_A16_4G_LTE_Gray.jpg',1096),(1097,'SAMSUNG_Galaxy_A16_4G_LTE_Gray.jpg',1097),(1098,'SAMSUNG_Galaxy_A16_4G_LTE_Gray.jpg',1098),(1099,'SAMSUNG_Galaxy_A16_4G_LTE_Gray.jpg',1099),(1100,'SAMSUNG_Galaxy_A16_4G_LTE_Green.jpg',1100),(1101,'SAMSUNG_Galaxy_A16_4G_LTE_Green.jpg',1101),(1102,'SAMSUNG_Galaxy_A16_4G_LTE_Green.jpg',1102),(1103,'SAMSUNG_Galaxy_A16_4G_LTE_Green.jpg',1103),(1104,'SAMSUNG_Galaxy_A16_4G_LTE_Green.jpg',1104),(1105,'SAMSUNG_Galaxy_A16_4G_LTE_Green.jpg',1105),(1106,'SAMSUNG_Galaxy_A16_4G_LTE_Green.jpg',1106),(1107,'SAMSUNG_Galaxy_A16_4G_LTE_Green.jpg',1107),(1108,'SAMSUNG_Galaxy_A16_4G_LTE_Green.jpg',1108),(1109,'SAMSUNG_Galaxy_A16_4G_LTE_Green.jpg',1109);
/*!40000 ALTER TABLE `image_product` ENABLE KEYS */;
UNLOCK TABLES;

--
-- Table structure for table `image_review`
--

DROP TABLE IF EXISTS `image_review`;
/*!40101 SET @saved_cs_client     = @@character_set_client */;
/*!50503 SET character_set_client = utf8mb4 */;
CREATE TABLE `image_review` (
  `id` bigint NOT NULL AUTO_INCREMENT,
  `image_review` varchar(255) DEFAULT NULL,
  `review_id` int DEFAULT NULL,
  PRIMARY KEY (`id`),
  KEY `FK69tym5l9vew7pfmc4xc64d4kb` (`review_id`),
  CONSTRAINT `FK69tym5l9vew7pfmc4xc64d4kb` FOREIGN KEY (`review_id`) REFERENCES `review` (`reviewid`)
) ENGINE=InnoDB AUTO_INCREMENT=21 DEFAULT CHARSET=utf8mb4 COLLATE=utf8mb4_0900_ai_ci;
/*!40101 SET character_set_client = @saved_cs_client */;

--
-- Dumping data for table `image_review`
--

LOCK TABLES `image_review` WRITE;
/*!40000 ALTER TABLE `image_review` DISABLE KEYS */;
INSERT INTO `image_review` VALUES (11,'IMG_20250515_092855.jpg',27),(15,'IMG_20250515_092855.jpg',29),(17,'IMG_20250515_092855.jpg',30),(18,'676.webp',30),(19,'IMG_20250515_092855.jpg',31),(20,'676.webp',31);
/*!40000 ALTER TABLE `image_review` ENABLE KEYS */;
UNLOCK TABLES;

--
-- Table structure for table `message`
--

DROP TABLE IF EXISTS `message`;
/*!40101 SET @saved_cs_client     = @@character_set_client */;
/*!50503 SET character_set_client = utf8mb4 */;
CREATE TABLE `message` (
  `messageid` int NOT NULL AUTO_INCREMENT,
  `userid` int NOT NULL,
  `is_sent` bit(1) NOT NULL DEFAULT b'0',
  `text` varchar(255) NOT NULL,
  `time` varchar(255) DEFAULT NULL,
  PRIMARY KEY (`messageid`)
) ENGINE=InnoDB AUTO_INCREMENT=25 DEFAULT CHARSET=utf8mb4 COLLATE=utf8mb4_0900_ai_ci;
/*!40101 SET character_set_client = @saved_cs_client */;

--
-- Dumping data for table `message`
--

LOCK TABLES `message` WRITE;
/*!40000 ALTER TABLE `message` DISABLE KEYS */;
INSERT INTO `message` VALUES (1,7,_binary '\0','1 + 1=','7:00 PM'),(2,7,_binary '\0','1 + 1 = 2.','7:00 PM'),(3,7,_binary '\0','1 + 1=','6:54 PM'),(4,7,_binary '\0','1 + 1 = 2.','6:54 PM'),(5,7,_binary '\0','1 + 1=','6:57 PM'),(6,7,_binary '\0','1 + 1 = 2.','6:57 PM'),(7,7,_binary '\0','2 + 2 =','6:59 PM'),(8,7,_binary '\0','2 + 2 = 4.','6:59 PM'),(9,7,_binary '\0','1 + 1=','7:00 PM'),(10,7,_binary '\0','1 + 1 = 2.','7:00 PM'),(11,7,_binary '\0','1 + 1=','7:05 PM'),(12,7,_binary '\0','1 + 1 = 2.','7:05 PM'),(13,7,_binary '\0','1 + 1=','7:05 PM'),(14,7,_binary '\0','1 + 1 = 2.','7:05 PM'),(15,5,_binary '\0','1 + 1 =','6:49 PM'),(16,5,_binary '\0','1 + 1 = 2.','6:50 PM'),(17,0,_binary '\0','1 + 1 = 2','6:54 PM'),(18,0,_binary '\0','Yes, 1 + 1 = 2.','6:54 PM'),(19,7,_binary '\0','Iphone 16 Pro Max do ai san xuat','7:48 PM'),(20,7,_binary '\0','Điện thoại iPhone 16 Pro Max được sản xuất bởi Apple.','7:48 PM'),(21,7,_binary '\0','Iphone 16 Pro Max do ai san xuat','7:48 PM'),(22,7,_binary '\0','Điện thoại iPhone 16 Pro Max được sản xuất bởi Apple.','7:48 PM'),(23,7,_binary '\0','Có hỗ trợ 5G không?','8:16 PM'),(24,7,_binary '\0','Có hỗ trợ 5G không?','8:16 PM');
/*!40000 ALTER TABLE `message` ENABLE KEYS */;
UNLOCK TABLES;

--
-- Table structure for table `notify`
--

DROP TABLE IF EXISTS `notify`;
/*!40101 SET @saved_cs_client     = @@character_set_client */;
/*!50503 SET character_set_client = utf8mb4 */;
CREATE TABLE `notify` (
  `notifyid` int NOT NULL AUTO_INCREMENT,
  `content` varchar(255) DEFAULT NULL,
  `time_stamp` datetime(6) DEFAULT NULL,
  `userid` bigint NOT NULL,
  PRIMARY KEY (`notifyid`),
  KEY `FK7h7iu7vuair0ploo7bsoi6kq2` (`userid`),
  CONSTRAINT `FK7h7iu7vuair0ploo7bsoi6kq2` FOREIGN KEY (`userid`) REFERENCES `users` (`id`)
) ENGINE=InnoDB DEFAULT CHARSET=utf8mb4 COLLATE=utf8mb4_0900_ai_ci;
/*!40101 SET character_set_client = @saved_cs_client */;

--
-- Dumping data for table `notify`
--

LOCK TABLES `notify` WRITE;
/*!40000 ALTER TABLE `notify` DISABLE KEYS */;
/*!40000 ALTER TABLE `notify` ENABLE KEYS */;
UNLOCK TABLES;

--
-- Table structure for table `order_item`
--

DROP TABLE IF EXISTS `order_item`;
/*!40101 SET @saved_cs_client     = @@character_set_client */;
/*!50503 SET character_set_client = utf8mb4 */;
CREATE TABLE `order_item` (
  `order_itemid` int NOT NULL AUTO_INCREMENT,
  `price` double DEFAULT NULL,
  `quantity` int NOT NULL,
  `orderid` int DEFAULT NULL,
  `productid` int DEFAULT NULL,
  PRIMARY KEY (`order_itemid`),
  KEY `FK6qdi17749hl3bd01qyvxkid49` (`orderid`),
  KEY `FK65riinaev2asy1q07c9nrgrxr` (`productid`),
  CONSTRAINT `FK65riinaev2asy1q07c9nrgrxr` FOREIGN KEY (`productid`) REFERENCES `product` (`product_id`),
  CONSTRAINT `FK6qdi17749hl3bd01qyvxkid49` FOREIGN KEY (`orderid`) REFERENCES `orders` (`order_id`)
) ENGINE=InnoDB AUTO_INCREMENT=108 DEFAULT CHARSET=utf8mb4 COLLATE=utf8mb4_0900_ai_ci;
/*!40101 SET character_set_client = @saved_cs_client */;

--
-- Dumping data for table `order_item`
--

LOCK TABLES `order_item` WRITE;
/*!40000 ALTER TABLE `order_item` DISABLE KEYS */;
INSERT INTO `order_item` VALUES (54,10000000,2,24,82),(55,10000000,2,24,83),(56,10000000,2,25,92),(57,10000000,2,25,93),(58,10000000,4,26,84),(59,10000000,4,26,85),(60,10000000,4,26,86),(61,10000000,4,26,87),(62,10000000,2,27,92),(63,10000000,2,27,93),(64,10000000,3,30,92),(65,10000000,3,30,93),(66,10000000,3,30,94),(67,10000000,2,30,102),(68,10000000,2,30,103),(69,14500000,3,31,172),(70,14500000,3,31,173),(71,14500000,3,31,174),(72,21500000,2,31,192),(73,21500000,2,31,193),(74,13500000,3,32,152),(75,13500000,3,32,153),(76,13500000,3,32,154),(77,8000000,2,33,12),(78,8000000,2,33,13),(79,10000000,1,34,104),(80,10000000,2,35,53),(81,10000000,2,35,54),(82,36150000,5,36,402),(83,36150000,5,36,403),(84,36150000,5,36,404),(85,36150000,5,36,405),(86,36150000,5,36,406),(87,10000000,7,37,95),(88,10000000,7,37,96),(89,10000000,7,37,97),(90,10000000,7,37,98),(91,10000000,7,37,99),(92,10000000,7,37,100),(93,10000000,2,39,95),(94,10000000,2,39,96),(95,21500000,2,41,192),(96,21500000,2,41,193),(97,14500000,1,43,172),(98,14500000,1,44,172),(99,10000000,1,45,88),(100,10000000,2,45,97),(101,10000000,2,45,98),(102,10000000,1,45,104),(103,10000000,2,46,104),(104,10000000,2,46,105),(105,10000000,2,46,88),(106,10000000,2,46,89),(107,10000000,1,46,97);
/*!40000 ALTER TABLE `order_item` ENABLE KEYS */;
UNLOCK TABLES;

--
-- Table structure for table `orders`
--

DROP TABLE IF EXISTS `orders`;
/*!40101 SET @saved_cs_client     = @@character_set_client */;
/*!50503 SET character_set_client = utf8mb4 */;
CREATE TABLE `orders` (
  `order_id` int NOT NULL AUTO_INCREMENT,
  `order_date` datetime(6) DEFAULT NULL,
  `order_status` enum('PENDING','CANCELLED','COMPLETED','CONFIRMED','FEEDBACKED','SHIPPED') DEFAULT NULL,
  `userid` bigint DEFAULT NULL,
  `address_delivery_id` bigint DEFAULT NULL,
  PRIMARY KEY (`order_id`),
  KEY `FKpnm1eeupqm4tykds7k3okqegv` (`userid`),
  KEY `FK_orders_address_delivery` (`address_delivery_id`),
  CONSTRAINT `FK_orders_address_delivery` FOREIGN KEY (`address_delivery_id`) REFERENCES `address_delivery` (`id`),
  CONSTRAINT `FKpnm1eeupqm4tykds7k3okqegv` FOREIGN KEY (`userid`) REFERENCES `users` (`id`)
) ENGINE=InnoDB AUTO_INCREMENT=47 DEFAULT CHARSET=utf8mb4 COLLATE=utf8mb4_0900_ai_ci;
/*!40101 SET character_set_client = @saved_cs_client */;

--
-- Dumping data for table `orders`
--

LOCK TABLES `orders` WRITE;
/*!40000 ALTER TABLE `orders` DISABLE KEYS */;
INSERT INTO `orders` VALUES (24,'2025-05-13 22:30:09.625000','COMPLETED',7,11),(25,'2025-05-14 00:09:38.989000','COMPLETED',7,11),(26,'2025-05-14 00:18:37.829000','COMPLETED',7,11),(27,'2025-05-14 10:02:26.287000','FEEDBACKED',5,12),(28,'2025-05-14 10:02:40.883000','COMPLETED',5,12),(29,'2025-05-14 10:02:44.916000','COMPLETED',5,12),(30,'2025-05-14 16:33:38.973000','CONFIRMED',7,11),(31,'2025-05-14 20:16:13.851000','COMPLETED',7,11),(32,'2025-05-15 00:01:29.289000','FEEDBACKED',7,11),(33,'2025-05-15 00:21:05.265000','FEEDBACKED',7,11),(34,'2025-05-15 01:06:42.407000','PENDING',5,12),(35,'2025-05-15 01:21:00.415000','PENDING',9,13),(36,'2025-05-15 10:41:00.994000','PENDING',5,14),(37,'2025-05-15 10:43:53.601000','PENDING',5,14),(38,'2025-05-15 10:45:08.043000','PENDING',5,12),(39,'2025-05-15 10:48:39.749000','COMPLETED',5,12),(40,'2025-05-15 10:50:59.278000','PENDING',5,12),(41,'2025-05-15 10:53:42.008000','CANCELLED',7,11),(42,'2025-05-15 10:54:48.189000','PENDING',5,14),(43,'2025-05-15 10:59:04.689000','CANCELLED',7,11),(44,'2025-05-15 11:48:40.380000','FEEDBACKED',7,11),(45,'2025-05-15 19:45:33.389000','CANCELLED',7,15),(46,'2025-05-15 19:47:15.785000','CONFIRMED',7,15);
/*!40000 ALTER TABLE `orders` ENABLE KEYS */;
UNLOCK TABLES;

--
-- Table structure for table `payment`
--

DROP TABLE IF EXISTS `payment`;
/*!40101 SET @saved_cs_client     = @@character_set_client */;
/*!50503 SET character_set_client = utf8mb4 */;
CREATE TABLE `payment` (
  `payment_id` int NOT NULL AUTO_INCREMENT,
  `amount` bigint NOT NULL,
  `momo_bill_id` varchar(255) DEFAULT NULL,
  `payment_date` varchar(255) DEFAULT NULL,
  `payment_method` enum('CARD','MOMO','VNPAY') DEFAULT NULL,
  `status` bit(1) NOT NULL,
  `order_id` int DEFAULT NULL,
  PRIMARY KEY (`payment_id`),
  UNIQUE KEY `UKmf7n8wo2rwrxsd6f3t9ub2mep` (`order_id`),
  CONSTRAINT `FKlouu98csyullos9k25tbpk4va` FOREIGN KEY (`order_id`) REFERENCES `orders` (`order_id`)
) ENGINE=InnoDB AUTO_INCREMENT=13 DEFAULT CHARSET=utf8mb4 COLLATE=utf8mb4_0900_ai_ci;
/*!40101 SET character_set_client = @saved_cs_client */;

--
-- Dumping data for table `payment`
--

LOCK TABLES `payment` WRITE;
/*!40000 ALTER TABLE `payment` DISABLE KEYS */;
INSERT INTO `payment` VALUES (5,20000000,'NCB',NULL,'VNPAY',_binary '',24),(6,40000000,'NCB',NULL,'VNPAY',_binary '',26),(7,50000000,'NCB',NULL,'VNPAY',_binary '',30),(8,20000000,'NCB',NULL,'VNPAY',_binary '',25),(9,40500000,'NCB',NULL,'VNPAY',_binary '',32),(10,14500000,'NCB',NULL,'VNPAY',_binary '',44),(11,20000000,'NCB',NULL,'VNPAY',_binary '',39),(12,50000000,'NCB',NULL,'VNPAY',_binary '',46);
/*!40000 ALTER TABLE `payment` ENABLE KEYS */;
UNLOCK TABLES;

--
-- Table structure for table `product`
--

DROP TABLE IF EXISTS `product`;
/*!40101 SET @saved_cs_client     = @@character_set_client */;
/*!50503 SET character_set_client = utf8mb4 */;
CREATE TABLE `product` (
  `product_id` int NOT NULL AUTO_INCREMENT,
  `color` varchar(255) DEFAULT NULL,
  `create_date` datetime(6) DEFAULT NULL,
  `description` varchar(255) DEFAULT NULL,
  `price` double NOT NULL,
  `product_name` varchar(255) DEFAULT NULL,
  `size` int NOT NULL,
  `status` bit(1) NOT NULL,
  `categoryid` int DEFAULT NULL,
  PRIMARY KEY (`product_id`),
  KEY `FK4ort9abhumpx4t2mlngljr1vi` (`categoryid`),
  CONSTRAINT `FK4ort9abhumpx4t2mlngljr1vi` FOREIGN KEY (`categoryid`) REFERENCES `category` (`categoryid`)
) ENGINE=InnoDB AUTO_INCREMENT=1110 DEFAULT CHARSET=utf8mb4 COLLATE=utf8mb4_0900_ai_ci;
/*!40101 SET character_set_client = @saved_cs_client */;

--
-- Dumping data for table `product`
--

LOCK TABLES `product` WRITE;
/*!40000 ALTER TABLE `product` DISABLE KEYS */;
INSERT INTO `product` VALUES (1,'Silver','2025-05-04 14:13:57.000000','Flagship mới nhất',7000000,'Iphone 7 128GB',6,_binary '',1),(2,'Silver','2025-05-04 14:13:57.000000','Flagship mới nhất',7000000,'Iphone 7 128GB',6,_binary '',1),(3,'Silver','2025-05-04 14:13:57.000000','Flagship mới nhất',7000000,'Iphone 7 128GB',6,_binary '',1),(4,'Silver','2025-05-04 14:13:57.000000','Flagship mới nhất',7000000,'Iphone 7 128GB',6,_binary '',1),(5,'Silver','2025-05-04 14:13:57.000000','Flagship mới nhất',7000000,'Iphone 7 128GB',6,_binary '',1),(6,'Silver','2025-05-04 14:13:57.000000','Flagship mới nhất',7000000,'Iphone 7 128GB',6,_binary '',1),(7,'Silver','2025-05-04 14:13:57.000000','Flagship mới nhất',7000000,'Iphone 7 128GB',6,_binary '',1),(8,'Silver','2025-05-04 14:13:57.000000','Flagship mới nhất',7000000,'Iphone 7 128GB',6,_binary '',1),(9,'Silver','2025-05-04 14:13:57.000000','Flagship mới nhất',7000000,'Iphone 7 128GB',6,_binary '',1),(10,'Silver','2025-05-04 14:13:57.000000','Flagship mới nhất',7000000,'Iphone 7 128GB',6,_binary '',1),(11,'Red','2025-05-04 14:13:57.000000','Flagship mới nhất',8000000,'Iphone 7 128GB',6,_binary '',1),(12,'Red','2025-05-04 14:13:57.000000','Flagship mới nhất',8000000,'Iphone 7 128GB',6,_binary '',1),(13,'Red','2025-05-04 14:13:57.000000','Flagship mới nhất',8000000,'Iphone 7 128GB',6,_binary '',1),(14,'Red','2025-05-04 14:13:57.000000','Flagship mới nhất',8000000,'Iphone 7 128GB',6,_binary '',1),(15,'Red','2025-05-04 14:13:57.000000','Flagship mới nhất',8000000,'Iphone 7 128GB',6,_binary '',1),(16,'Red','2025-05-04 14:13:57.000000','Flagship mới nhất',8000000,'Iphone 7 128GB',6,_binary '',1),(17,'Red','2025-05-04 14:13:57.000000','Flagship mới nhất',8000000,'Iphone 7 128GB',6,_binary '',1),(18,'Red','2025-05-04 14:13:57.000000','Flagship mới nhất',8000000,'Iphone 7 128GB',6,_binary '',1),(19,'Red','2025-05-04 14:13:57.000000','Flagship mới nhất',8000000,'Iphone 7 128GB',6,_binary '',1),(20,'Red','2025-05-04 14:13:57.000000','Flagship mới nhất',8000000,'Iphone 7 128GB',6,_binary '',1),(21,'Pink','2025-05-04 14:13:57.000000','Flagship mới nhất',9000000,'Iphone 7 128GB',6,_binary '',1),(22,'Pink','2025-05-04 14:13:57.000000','Flagship mới nhất',9000000,'Iphone 7 128GB',6,_binary '',1),(23,'Pink','2025-05-04 14:13:57.000000','Flagship mới nhất',9000000,'Iphone 7 128GB',6,_binary '',1),(24,'Pink','2025-05-04 14:13:57.000000','Flagship mới nhất',9000000,'Iphone 7 128GB',6,_binary '',1),(25,'Pink','2025-05-04 14:13:57.000000','Flagship mới nhất',9000000,'Iphone 7 128GB',6,_binary '',1),(26,'Pink','2025-05-04 14:13:57.000000','Flagship mới nhất',9000000,'Iphone 7 128GB',6,_binary '',1),(27,'Pink','2025-05-04 14:13:57.000000','Flagship mới nhất',9000000,'Iphone 7 128GB',6,_binary '',1),(28,'Pink','2025-05-04 14:13:57.000000','Flagship mới nhất',9000000,'Iphone 7 128GB',6,_binary '',1),(29,'Pink','2025-05-04 14:13:57.000000','Flagship mới nhất',9000000,'Iphone 7 128GB',6,_binary '',1),(30,'Pink','2025-05-04 14:13:57.000000','Flagship mới nhất',9000000,'Iphone 7 128GB',6,_binary '',1),(31,'Black','2025-05-04 14:13:57.000000','Flagship mới nhất',9000000,'Iphone 7 128GB',6,_binary '',1),(32,'Black','2025-05-04 14:13:57.000000','Flagship mới nhất',9000000,'Iphone 7 128GB',6,_binary '',1),(33,'Black','2025-05-04 14:13:57.000000','Flagship mới nhất',9000000,'Iphone 7 128GB',6,_binary '',1),(34,'Black','2025-05-04 14:13:57.000000','Flagship mới nhất',9000000,'Iphone 7 128GB',6,_binary '',1),(35,'Black','2025-05-04 14:13:57.000000','Flagship mới nhất',9000000,'Iphone 7 128GB',6,_binary '',1),(36,'Black','2025-05-04 14:13:57.000000','Flagship mới nhất',9000000,'Iphone 7 128GB',6,_binary '',1),(37,'Black','2025-05-04 14:13:57.000000','Flagship mới nhất',9000000,'Iphone 7 128GB',6,_binary '',1),(38,'Black','2025-05-04 14:13:57.000000','Flagship mới nhất',9000000,'Iphone 7 128GB',6,_binary '',1),(39,'Black','2025-05-04 14:13:57.000000','Flagship mới nhất',9000000,'Iphone 7 128GB',6,_binary '',1),(40,'Black','2025-05-04 14:13:57.000000','Flagship mới nhất',9000000,'Iphone 7 128GB',6,_binary '',1),(41,'Gold','2025-05-04 14:13:57.000000','Flagship mới nhất',10000000,'Iphone 8 128GB',6,_binary '',1),(42,'Gold','2025-05-04 14:13:57.000000','Flagship mới nhất',10000000,'Iphone 8 128GB',6,_binary '',1),(43,'Gold','2025-05-04 14:13:57.000000','Flagship mới nhất',10000000,'Iphone 8 128GB',6,_binary '',1),(44,'Gold','2025-05-04 14:13:57.000000','Flagship mới nhất',10000000,'Iphone 8 128GB',6,_binary '',1),(45,'Gold','2025-05-04 14:13:57.000000','Flagship mới nhất',10000000,'Iphone 8 128GB',6,_binary '',1),(46,'Gold','2025-05-04 14:13:57.000000','Flagship mới nhất',10000000,'Iphone 8 128GB',6,_binary '',1),(47,'Gold','2025-05-04 14:13:57.000000','Flagship mới nhất',10000000,'Iphone 8 128GB',6,_binary '',1),(48,'Gold','2025-05-04 14:13:57.000000','Flagship mới nhất',10000000,'Iphone 8 128GB',6,_binary '',1),(49,'Gold','2025-05-04 14:13:57.000000','Flagship mới nhất',10000000,'Iphone 8 128GB',6,_binary '',1),(50,'Gold','2025-05-04 14:13:57.000000','Flagship mới nhất',10000000,'Iphone 8 128GB',6,_binary '',1),(51,'Silver','2025-05-04 14:13:57.000000','Flagship mới nhất',10000000,'Iphone 8 128GB',6,_binary '',1),(52,'Gold','2025-05-04 14:13:57.000000','Flagship mới nhất',10000000,'Iphone 8 128GB',6,_binary '',1),(53,'Silver','2025-05-04 14:13:57.000000','Flagship mới nhất',10000000,'Iphone 8 128GB',6,_binary '',1),(54,'Silver','2025-05-04 14:13:57.000000','Flagship mới nhất',10000000,'Iphone 8 128GB',6,_binary '',1),(55,'Silver','2025-05-04 14:13:57.000000','Flagship mới nhất',10000000,'Iphone 8 128GB',6,_binary '',1),(56,'Silver','2025-05-04 14:13:57.000000','Flagship mới nhất',10000000,'Iphone 8 128GB',6,_binary '',1),(57,'Silver','2025-05-04 14:13:57.000000','Flagship mới nhất',10000000,'Iphone 8 128GB',6,_binary '',1),(58,'Silver','2025-05-04 14:13:57.000000','Flagship mới nhất',10000000,'Iphone 8 128GB',6,_binary '',1),(59,'Silver','2025-05-04 14:13:57.000000','Flagship mới nhất',10000000,'Iphone 8 128GB',6,_binary '',1),(60,'Silver','2025-05-04 14:13:57.000000','Flagship mới nhất',10000000,'Iphone 8 128GB',6,_binary '',1),(61,'Red','2025-05-04 14:13:57.000000','Flagship mới nhất',10000000,'Iphone 8 128GB',6,_binary '',1),(62,'Red','2025-05-04 14:13:57.000000','Flagship mới nhất',10000000,'Iphone 8 128GB',6,_binary '',1),(63,'Red','2025-05-04 14:13:57.000000','Flagship mới nhất',10000000,'Iphone 8 128GB',6,_binary '',1),(64,'Red','2025-05-04 14:13:57.000000','Flagship mới nhất',10000000,'Iphone 8 128GB',6,_binary '',1),(65,'Red','2025-05-04 14:13:57.000000','Flagship mới nhất',10000000,'Iphone 8 128GB',6,_binary '',1),(66,'Red','2025-05-04 14:13:57.000000','Flagship mới nhất',10000000,'Iphone 8 128GB',6,_binary '',1),(67,'Red','2025-05-04 14:13:57.000000','Flagship mới nhất',10000000,'Iphone 8 128GB',6,_binary '',1),(68,'Red','2025-05-04 14:13:57.000000','Flagship mới nhất',10000000,'Iphone 8 128GB',6,_binary '',1),(69,'Red','2025-05-04 14:13:57.000000','Flagship mới nhất',10000000,'Iphone 8 128GB',6,_binary '',1),(70,'Red','2025-05-04 14:13:57.000000','Flagship mới nhất',10000000,'Iphone 8 128GB',6,_binary '',1),(71,'Red','2025-05-04 14:13:57.000000','Flagship mới nhất',10000000,'Iphone 10 128GB',6,_binary '',1),(72,'Red','2025-05-04 14:13:57.000000','Flagship mới nhất',10000000,'Iphone 10 128GB',6,_binary '',1),(73,'Red','2025-05-04 14:13:57.000000','Flagship mới nhất',10000000,'Iphone 10 128GB',6,_binary '',1),(74,'Red','2025-05-04 14:13:57.000000','Flagship mới nhất',10000000,'Iphone 10 128GB',6,_binary '',1),(75,'Red','2025-05-04 14:13:57.000000','Flagship mới nhất',10000000,'Iphone 10 128GB',6,_binary '',1),(76,'Red','2025-05-04 14:13:57.000000','Flagship mới nhất',10000000,'Iphone 10 128GB',6,_binary '',1),(77,'Red','2025-05-04 14:13:57.000000','Flagship mới nhất',10000000,'Iphone 10 128GB',6,_binary '',1),(78,'Red','2025-05-04 14:13:57.000000','Flagship mới nhất',10000000,'Iphone 10 128GB',6,_binary '',1),(79,'Red','2025-05-04 14:13:57.000000','Flagship mới nhất',10000000,'Iphone 10 128GB',6,_binary '',1),(80,'Red','2025-05-04 14:13:57.000000','Flagship mới nhất',10000000,'Iphone 10 128GB',6,_binary '',1),(81,'Black','2025-05-04 14:13:57.000000','Flagship mới nhất',10000000,'Iphone 10 128GB',6,_binary '',1),(82,'Black','2025-05-04 14:13:57.000000','Flagship mới nhất',10000000,'Iphone 10 128GB',6,_binary '\0',1),(83,'Black','2025-05-04 14:13:57.000000','Flagship mới nhất',10000000,'Iphone 10 128GB',6,_binary '\0',1),(84,'Black','2025-05-04 14:13:57.000000','Flagship mới nhất',10000000,'Iphone 10 128GB',6,_binary '\0',1),(85,'Black','2025-05-04 14:13:57.000000','Flagship mới nhất',10000000,'Iphone 10 128GB',6,_binary '\0',1),(86,'Black','2025-05-04 14:13:57.000000','Flagship mới nhất',10000000,'Iphone 10 128GB',6,_binary '\0',1),(87,'Black','2025-05-04 14:13:57.000000','Flagship mới nhất',10000000,'Iphone 10 128GB',6,_binary '\0',1),(88,'Black','2025-05-04 14:13:57.000000','Flagship mới nhất',10000000,'Iphone 10 128GB',6,_binary '\0',1),(89,'Black','2025-05-04 14:13:57.000000','Flagship mới nhất',10000000,'Iphone 10 128GB',6,_binary '\0',1),(90,'Black','2025-05-04 14:13:57.000000','Flagship mới nhất',10000000,'Iphone 10 128GB',6,_binary '',1),(91,'Blue','2025-05-04 14:13:57.000000','Flagship mới nhất',10000000,'Iphone 10 128GB',6,_binary '',1),(92,'Blue','2025-05-04 14:13:57.000000','Flagship mới nhất',10000000,'Iphone 10 128GB',6,_binary '\0',1),(93,'Blue','2025-05-04 14:13:57.000000','Flagship mới nhất',10000000,'Iphone 10 128GB',6,_binary '\0',1),(94,'Blue','2025-05-04 14:13:57.000000','Flagship mới nhất',10000000,'Iphone 10 128GB',6,_binary '\0',1),(95,'Blue','2025-05-04 14:13:57.000000','Flagship mới nhất',10000000,'Iphone 10 128GB',6,_binary '\0',1),(96,'Blue','2025-05-04 14:13:57.000000','Flagship mới nhất',10000000,'Iphone 10 128GB',6,_binary '\0',1),(97,'Blue','2025-05-04 14:13:57.000000','Flagship mới nhất',10000000,'Iphone 10 128GB',6,_binary '\0',1),(98,'Blue','2025-05-04 14:13:57.000000','Flagship mới nhất',10000000,'Iphone 10 128GB',6,_binary '',1),(99,'Blue','2025-05-04 14:13:57.000000','Flagship mới nhất',10000000,'Iphone 10 128GB',6,_binary '',1),(100,'Blue','2025-05-04 14:13:57.000000','Flagship mới nhất',10000000,'Iphone 10 128GB',6,_binary '',1),(101,'White','2025-05-04 14:13:57.000000','Flagship mới nhất',10000000,'Iphone 10 128GB',6,_binary '',1),(102,'White','2025-05-04 14:13:57.000000','Flagship mới nhất',10000000,'Iphone 10 128GB',6,_binary '\0',1),(103,'White','2025-05-04 14:13:57.000000','Flagship mới nhất',10000000,'Iphone 10 128GB',6,_binary '\0',1),(104,'White','2025-05-04 14:13:57.000000','Flagship mới nhất',10000000,'Iphone 10 128GB',6,_binary '\0',1),(105,'White','2025-05-04 14:13:57.000000','Flagship mới nhất',10000000,'Iphone 10 128GB',6,_binary '\0',1),(106,'White','2025-05-04 14:13:57.000000','Flagship mới nhất',10000000,'Iphone 10 128GB',6,_binary '',1),(107,'White','2025-05-04 14:13:57.000000','Flagship mới nhất',10000000,'Iphone 10 128GB',6,_binary '',1),(108,'White','2025-05-04 14:13:57.000000','Flagship mới nhất',10000000,'Iphone 10 128GB',6,_binary '',1),(109,'White','2025-05-04 14:13:57.000000','Flagship mới nhất',10000000,'Iphone 10 128GB',6,_binary '',1),(110,'White','2025-05-04 14:13:57.000000','Flagship mới nhất',10000000,'Iphone 10 128GB',6,_binary '',1),(111,'Red','2025-05-04 14:13:57.000000','Flagship mới nhất',15000000,'Iphone 11 128GB',6,_binary '',1),(112,'Red','2025-05-04 14:13:57.000000','Flagship mới nhất',15000000,'Iphone 11 128GB',6,_binary '',1),(113,'Red','2025-05-04 14:13:57.000000','Flagship mới nhất',15000000,'Iphone 11 128GB',6,_binary '',1),(114,'Red','2025-05-04 14:13:57.000000','Flagship mới nhất',15000000,'Iphone 11 128GB',6,_binary '',1),(115,'Red','2025-05-04 14:13:57.000000','Flagship mới nhất',15000000,'Iphone 11 128GB',6,_binary '',1),(116,'Red','2025-05-04 14:13:57.000000','Flagship mới nhất',15000000,'Iphone 11 128GB',6,_binary '',1),(117,'Red','2025-05-04 14:13:57.000000','Flagship mới nhất',15000000,'Iphone 11 128GB',6,_binary '',1),(118,'Red','2025-05-04 14:13:57.000000','Flagship mới nhất',15000000,'Iphone 11 128GB',6,_binary '',1),(119,'Red','2025-05-04 14:13:57.000000','Flagship mới nhất',15000000,'Iphone 11 128GB',6,_binary '',1),(120,'Red','2025-05-04 14:13:57.000000','Flagship mới nhất',15000000,'Iphone 11 128GB',6,_binary '',1),(121,'Green','2025-05-04 14:13:57.000000','Flagship mới nhất',16000000,'Iphone 11 128GB',6,_binary '',1),(122,'Green','2025-05-04 14:13:57.000000','Flagship mới nhất',16000000,'Iphone 11 128GB',6,_binary '',1),(123,'Green','2025-05-04 14:13:57.000000','Flagship mới nhất',16000000,'Iphone 11 128GB',6,_binary '',1),(124,'Green','2025-05-04 14:13:57.000000','Flagship mới nhất',16000000,'Iphone 11 128GB',6,_binary '',1),(125,'Green','2025-05-04 14:13:57.000000','Flagship mới nhất',16000000,'Iphone 11 128GB',6,_binary '',1),(126,'Green','2025-05-04 14:13:57.000000','Flagship mới nhất',16000000,'Iphone 11 128GB',6,_binary '',1),(127,'Green','2025-05-04 14:13:57.000000','Flagship mới nhất',16000000,'Iphone 11 128GB',6,_binary '',1),(128,'Green','2025-05-04 14:13:57.000000','Flagship mới nhất',16000000,'Iphone 11 128GB',6,_binary '',1),(129,'Green','2025-05-04 14:13:57.000000','Flagship mới nhất',16000000,'Iphone 11 128GB',6,_binary '',1),(130,'Green','2025-05-04 14:13:57.000000','Flagship mới nhất',16000000,'Iphone 11 128GB',6,_binary '',1),(131,'Silver','2025-05-04 14:13:57.000000','Flagship mới nhất',13000000,'Iphone 11 128GB',6,_binary '',1),(132,'Silver','2025-05-04 14:13:57.000000','Flagship mới nhất',13000000,'Iphone 11 128GB',6,_binary '',1),(133,'Silver','2025-05-04 14:13:57.000000','Flagship mới nhất',13000000,'Iphone 11 128GB',6,_binary '',1),(134,'Silver','2025-05-04 14:13:57.000000','Flagship mới nhất',13000000,'Iphone 11 128GB',6,_binary '',1),(135,'Silver','2025-05-04 14:13:57.000000','Flagship mới nhất',13000000,'Iphone 11 128GB',6,_binary '',1),(136,'Silver','2025-05-04 14:13:57.000000','Flagship mới nhất',13000000,'Iphone 11 128GB',6,_binary '',1),(137,'Silver','2025-05-04 14:13:57.000000','Flagship mới nhất',13000000,'Iphone 11 128GB',6,_binary '',1),(138,'Silver','2025-05-04 14:13:57.000000','Flagship mới nhất',13000000,'Iphone 11 128GB',6,_binary '',1),(139,'Silver','2025-05-04 14:13:57.000000','Flagship mới nhất',13000000,'Iphone 11 128GB',6,_binary '',1),(140,'Silver','2025-05-04 14:13:57.000000','Flagship mới nhất',13000000,'Iphone 11 128GB',6,_binary '',1),(141,'Black','2025-05-04 14:13:57.000000','Flagship mới nhất',13500000,'Iphone 11 128GB',6,_binary '',1),(142,'Black','2025-05-04 14:13:57.000000','Flagship mới nhất',13500000,'Iphone 11 128GB',6,_binary '',1),(143,'Black','2025-05-04 14:13:57.000000','Flagship mới nhất',13500000,'Iphone 11 128GB',6,_binary '',1),(144,'Black','2025-05-04 14:13:57.000000','Flagship mới nhất',13500000,'Iphone 11 128GB',6,_binary '',1),(145,'Black','2025-05-04 14:13:57.000000','Flagship mới nhất',13500000,'Iphone 11 128GB',6,_binary '',1),(146,'Black','2025-05-04 14:13:57.000000','Flagship mới nhất',13500000,'Iphone 11 128GB',6,_binary '',1),(147,'Black','2025-05-04 14:13:57.000000','Flagship mới nhất',13500000,'Iphone 11 128GB',6,_binary '',1),(148,'Black','2025-05-04 14:13:57.000000','Flagship mới nhất',13500000,'Iphone 11 128GB',6,_binary '',1),(149,'Black','2025-05-04 14:13:57.000000','Flagship mới nhất',13500000,'Iphone 11 128GB',6,_binary '',1),(150,'Black','2025-05-04 14:13:57.000000','Flagship mới nhất',13500000,'Iphone 11 128GB',6,_binary '',1),(151,'White','2025-05-04 14:13:57.000000','Flagship mới nhất',13500000,'Iphone 11 128GB',6,_binary '',1),(152,'White','2025-05-04 14:13:57.000000','Flagship mới nhất',13500000,'Iphone 11 128GB',6,_binary '\0',1),(153,'White','2025-05-04 14:13:57.000000','Flagship mới nhất',13500000,'Iphone 11 128GB',6,_binary '\0',1),(154,'White','2025-05-04 14:13:57.000000','Flagship mới nhất',13500000,'Iphone 11 128GB',6,_binary '\0',1),(155,'White','2025-05-04 14:13:57.000000','Flagship mới nhất',13500000,'Iphone 11 128GB',6,_binary '',1),(156,'White','2025-05-04 14:13:57.000000','Flagship mới nhất',13500000,'Iphone 11 128GB',6,_binary '',1),(157,'White','2025-05-04 14:13:57.000000','Flagship mới nhất',13500000,'Iphone 11 128GB',6,_binary '',1),(158,'White','2025-05-04 14:13:57.000000','Flagship mới nhất',13500000,'Iphone 11 128GB',6,_binary '',1),(159,'White','2025-05-04 14:13:57.000000','Flagship mới nhất',13500000,'Iphone 11 128GB',6,_binary '',1),(160,'White','2025-05-04 14:13:57.000000','Flagship mới nhất',13500000,'Iphone 11 128GB',6,_binary '',1),(161,'Silver','2025-05-04 14:13:57.000000','Flagship mới nhất',13500000,'Iphone 12 Pro Max 128GB',6,_binary '',1),(162,'Silver','2025-05-04 14:13:57.000000','Flagship mới nhất',13500000,'Iphone 12 Pro Max 128GB',6,_binary '',1),(163,'Silver','2025-05-04 14:13:57.000000','Flagship mới nhất',13500000,'Iphone 12 Pro Max 128GB',6,_binary '',1),(164,'Silver','2025-05-04 14:13:57.000000','Flagship mới nhất',13500000,'Iphone 12 Pro Max 128GB',6,_binary '',1),(165,'Silver','2025-05-04 14:13:57.000000','Flagship mới nhất',13500000,'Iphone 12 Pro Max 128GB',6,_binary '',1),(166,'Silver','2025-05-04 14:13:57.000000','Flagship mới nhất',13500000,'Iphone 12 Pro Max 128GB',6,_binary '',1),(167,'Silver','2025-05-04 14:13:57.000000','Flagship mới nhất',13500000,'Iphone 12 Pro Max 128GB',6,_binary '',1),(168,'Silver','2025-05-04 14:13:57.000000','Flagship mới nhất',13500000,'Iphone 12 Pro Max 128GB',6,_binary '',1),(169,'Silver','2025-05-04 14:13:57.000000','Flagship mới nhất',13500000,'Iphone 12 Pro Max 128GB',6,_binary '',1),(170,'Silver','2025-05-04 14:13:57.000000','Flagship mới nhất',13500000,'Iphone 12 Pro Max 128GB',6,_binary '',1),(171,'Blue','2025-05-04 14:13:57.000000','Flagship mới nhất',14500000,'Iphone 12 Pro Max 128GB',6,_binary '',1),(172,'Blue','2025-05-04 14:13:57.000000','Flagship mới nhất',14500000,'Iphone 12 Pro Max 128GB',6,_binary '\0',1),(173,'Blue','2025-05-04 14:13:57.000000','Flagship mới nhất',14500000,'Iphone 12 Pro Max 128GB',6,_binary '',1),(174,'Blue','2025-05-04 14:13:57.000000','Flagship mới nhất',14500000,'Iphone 12 Pro Max 128GB',6,_binary '',1),(175,'Blue','2025-05-04 14:13:57.000000','Flagship mới nhất',14500000,'Iphone 12 Pro Max 128GB',6,_binary '',1),(176,'Blue','2025-05-04 14:13:57.000000','Flagship mới nhất',14500000,'Iphone 12 Pro Max 128GB',6,_binary '',1),(177,'Blue','2025-05-04 14:13:57.000000','Flagship mới nhất',14500000,'Iphone 12 Pro Max 128GB',6,_binary '',1),(178,'Blue','2025-05-04 14:13:57.000000','Flagship mới nhất',14500000,'Iphone 12 Pro Max 128GB',6,_binary '',1),(179,'Blue','2025-05-04 14:13:57.000000','Flagship mới nhất',14500000,'Iphone 12 Pro Max 128GB',6,_binary '',1),(180,'Blue','2025-05-04 14:13:57.000000','Flagship mới nhất',14500000,'Iphone 12 Pro Max 128GB',6,_binary '',1),(181,'Grey','2025-05-04 14:13:57.000000','Flagship mới nhất',20500000,'Iphone 12 Pro Max 128GB',6,_binary '',1),(182,'Grey','2025-05-04 14:13:57.000000','Flagship mới nhất',20500000,'Iphone 12 Pro Max 128GB',6,_binary '',1),(183,'Grey','2025-05-04 14:13:57.000000','Flagship mới nhất',20500000,'Iphone 12 Pro Max 128GB',6,_binary '',1),(184,'Grey','2025-05-04 14:13:57.000000','Flagship mới nhất',20500000,'Iphone 12 Pro Max 128GB',6,_binary '',1),(185,'Grey','2025-05-04 14:13:57.000000','Flagship mới nhất',20500000,'Iphone 12 Pro Max 128GB',6,_binary '',1),(186,'Grey','2025-05-04 14:13:57.000000','Flagship mới nhất',20500000,'Iphone 12 Pro Max 128GB',6,_binary '',1),(187,'Grey','2025-05-04 14:13:57.000000','Flagship mới nhất',20500000,'Iphone 12 Pro Max 128GB',6,_binary '',1),(188,'Grey','2025-05-04 14:13:57.000000','Flagship mới nhất',20500000,'Iphone 12 Pro Max 128GB',6,_binary '',1),(189,'Grey','2025-05-04 14:13:57.000000','Flagship mới nhất',20500000,'Iphone 12 Pro Max 128GB',6,_binary '',1),(190,'Grey','2025-05-04 14:13:57.000000','Flagship mới nhất',20500000,'Iphone 12 Pro Max 128GB',6,_binary '',1),(191,'Yellow','2025-05-04 14:13:57.000000','Flagship mới nhất',21500000,'Iphone 12 Pro Max 128GB',6,_binary '',1),(192,'Yellow','2025-05-04 14:13:57.000000','Flagship mới nhất',21500000,'Iphone 12 Pro Max 128GB',6,_binary '',1),(193,'Yellow','2025-05-04 14:13:57.000000','Flagship mới nhất',21500000,'Iphone 12 Pro Max 128GB',6,_binary '',1),(194,'Yellow','2025-05-04 14:13:57.000000','Flagship mới nhất',21500000,'Iphone 12 Pro Max 128GB',6,_binary '',1),(195,'Yellow','2025-05-04 14:13:57.000000','Flagship mới nhất',21500000,'Iphone 12 Pro Max 128GB',6,_binary '',1),(196,'Yellow','2025-05-04 14:13:57.000000','Flagship mới nhất',21500000,'Iphone 12 Pro Max 128GB',6,_binary '',1),(197,'Yellow','2025-05-04 14:13:57.000000','Flagship mới nhất',21500000,'Iphone 12 Pro Max 128GB',6,_binary '',1),(198,'Yellow','2025-05-04 14:13:57.000000','Flagship mới nhất',21500000,'Iphone 12 Pro Max 128GB',6,_binary '',1),(199,'Yellow','2025-05-04 14:13:57.000000','Flagship mới nhất',21500000,'Iphone 12 Pro Max 128GB',6,_binary '',1),(200,'Yellow','2025-05-04 14:13:57.000000','Flagship mới nhất',21500000,'Iphone 12 Pro Max 128GB',6,_binary '',1),(201,'Blue','2025-05-04 14:13:57.000000','Flagship mới nhất',30500000,'Iphone 13 Pro Max 128GB',6,_binary '',1),(202,'Blue','2025-05-04 14:13:57.000000','Flagship mới nhất',30500000,'Iphone 13 Pro Max 128GB',6,_binary '',1),(203,'Blue','2025-05-04 14:13:57.000000','Flagship mới nhất',30500000,'Iphone 13 Pro Max 128GB',6,_binary '',1),(204,'Blue','2025-05-04 14:13:57.000000','Flagship mới nhất',30500000,'Iphone 13 Pro Max 128GB',6,_binary '',1),(205,'Blue','2025-05-04 14:13:57.000000','Flagship mới nhất',30500000,'Iphone 13 Pro Max 128GB',6,_binary '',1),(206,'Blue','2025-05-04 14:13:57.000000','Flagship mới nhất',30500000,'Iphone 13 Pro Max 128GB',6,_binary '',1),(207,'Blue','2025-05-04 14:13:57.000000','Flagship mới nhất',30500000,'Iphone 13 Pro Max 128GB',6,_binary '',1),(208,'Blue','2025-05-04 14:13:57.000000','Flagship mới nhất',30500000,'Iphone 13 Pro Max 128GB',6,_binary '',1),(209,'Blue','2025-05-04 14:13:57.000000','Flagship mới nhất',30500000,'Iphone 13 Pro Max 128GB',6,_binary '',1),(210,'Blue','2025-05-04 14:13:57.000000','Flagship mới nhất',30500000,'Iphone 13 Pro Max 128GB',6,_binary '',1),(211,'Green','2025-05-04 14:13:57.000000','Flagship mới nhất',30500000,'Iphone 13 Pro Max 128GB',6,_binary '',1),(212,'Green','2025-05-04 14:13:57.000000','Flagship mới nhất',30500000,'Iphone 13 Pro Max 128GB',6,_binary '',1),(213,'Green','2025-05-04 14:13:57.000000','Flagship mới nhất',30500000,'Iphone 13 Pro Max 128GB',6,_binary '',1),(214,'Green','2025-05-04 14:13:57.000000','Flagship mới nhất',30500000,'Iphone 13 Pro Max 128GB',6,_binary '',1),(215,'Green','2025-05-04 14:13:57.000000','Flagship mới nhất',30500000,'Iphone 13 Pro Max 128GB',6,_binary '',1),(216,'Green','2025-05-04 14:13:57.000000','Flagship mới nhất',30500000,'Iphone 13 Pro Max 128GB',6,_binary '',1),(217,'Green','2025-05-04 14:13:57.000000','Flagship mới nhất',30500000,'Iphone 13 Pro Max 128GB',6,_binary '',1),(218,'Green','2025-05-04 14:13:57.000000','Flagship mới nhất',30500000,'Iphone 13 Pro Max 128GB',6,_binary '',1),(219,'Green','2025-05-04 14:13:57.000000','Flagship mới nhất',30500000,'Iphone 13 Pro Max 128GB',6,_binary '',1),(220,'Green','2025-05-04 14:13:57.000000','Flagship mới nhất',30500000,'Iphone 13 Pro Max 128GB',6,_binary '',1),(221,'Pink','2025-05-04 14:13:57.000000','Flagship mới nhất',31500000,'Iphone 13 Pro Max 128GB',6,_binary '',1),(222,'Pink','2025-05-04 14:13:57.000000','Flagship mới nhất',31500000,'Iphone 13 Pro Max 128GB',6,_binary '',1),(223,'Pink','2025-05-04 14:13:57.000000','Flagship mới nhất',31500000,'Iphone 13 Pro Max 128GB',6,_binary '',1),(224,'Pink','2025-05-04 14:13:57.000000','Flagship mới nhất',31500000,'Iphone 13 Pro Max 128GB',6,_binary '',1),(225,'Pink','2025-05-04 14:13:57.000000','Flagship mới nhất',31500000,'Iphone 13 Pro Max 128GB',6,_binary '',1),(226,'Pink','2025-05-04 14:13:57.000000','Flagship mới nhất',31500000,'Iphone 13 Pro Max 128GB',6,_binary '',1),(227,'Pink','2025-05-04 14:13:57.000000','Flagship mới nhất',31500000,'Iphone 13 Pro Max 128GB',6,_binary '',1),(228,'Pink','2025-05-04 14:13:57.000000','Flagship mới nhất',31500000,'Iphone 13 Pro Max 128GB',6,_binary '',1),(229,'Pink','2025-05-04 14:13:57.000000','Flagship mới nhất',31500000,'Iphone 13 Pro Max 128GB',6,_binary '',1),(230,'Pink','2025-05-04 14:13:57.000000','Flagship mới nhất',31500000,'Iphone 13 Pro Max 128GB',6,_binary '',1),(231,'Red','2025-05-04 14:13:57.000000','Flagship mới nhất',32500000,'Iphone 13 Pro Max 128GB',6,_binary '',1),(232,'Red','2025-05-04 14:13:57.000000','Flagship mới nhất',32500000,'Iphone 13 Pro Max 128GB',6,_binary '',1),(233,'Red','2025-05-04 14:13:57.000000','Flagship mới nhất',32500000,'Iphone 13 Pro Max 128GB',6,_binary '',1),(234,'Red','2025-05-04 14:13:57.000000','Flagship mới nhất',32150000,'Iphone 13 Pro Max 128GB',6,_binary '',1),(235,'Red','2025-05-04 14:13:57.000000','Flagship mới nhất',32500000,'Iphone 13 Pro Max 128GB',6,_binary '',1),(236,'Red','2025-05-04 14:13:57.000000','Flagship mới nhất',32500000,'Iphone 13 Pro Max 128GB',6,_binary '',1),(237,'Red','2025-05-04 14:13:57.000000','Flagship mới nhất',32500000,'Iphone 13 Pro Max 128GB',6,_binary '',1),(238,'Red','2025-05-04 14:13:57.000000','Flagship mới nhất',32500000,'Iphone 13 Pro Max 128GB',6,_binary '',1),(239,'Red','2025-05-04 14:13:57.000000','Flagship mới nhất',32500000,'Iphone 13 Pro Max 128GB',6,_binary '',1),(240,'Red','2025-05-04 14:13:57.000000','Flagship mới nhất',32500000,'Iphone 13 Pro Max 128GB',6,_binary '',1),(241,'Black','2025-05-04 14:13:57.000000','Flagship mới nhất',32150000,'Iphone 13 Pro Max 128GB',6,_binary '',1),(242,'Black','2025-05-04 14:13:57.000000','Flagship mới nhất',32150000,'Iphone 13 Pro Max 128GB',6,_binary '',1),(243,'Black','2025-05-04 14:13:57.000000','Flagship mới nhất',32150000,'Iphone 13 Pro Max 128GB',6,_binary '',1),(244,'Black','2025-05-04 14:13:57.000000','Flagship mới nhất',32150000,'Iphone 13 Pro Max 128GB',6,_binary '',1),(245,'Black','2025-05-04 14:13:57.000000','Flagship mới nhất',32150000,'Iphone 13 Pro Max 128GB',6,_binary '',1),(246,'Black','2025-05-04 14:13:57.000000','Flagship mới nhất',32150000,'Iphone 13 Pro Max 128GB',6,_binary '',1),(247,'Black','2025-05-04 14:13:57.000000','Flagship mới nhất',32150000,'Iphone 13 Pro Max 128GB',6,_binary '',1),(248,'Black','2025-05-04 14:13:57.000000','Flagship mới nhất',32150000,'Iphone 13 Pro Max 128GB',6,_binary '',1),(249,'Black','2025-05-04 14:13:57.000000','Flagship mới nhất',32150000,'Iphone 13 Pro Max 128GB',6,_binary '',1),(250,'Black','2025-05-04 14:13:57.000000','Flagship mới nhất',32150000,'Iphone 13 Pro Max 128GB',6,_binary '',1),(251,'White','2025-05-04 14:13:57.000000','Flagship mới nhất',32150000,'Iphone 13 Pro Max 128GB',6,_binary '',1),(252,'White','2025-05-04 14:13:57.000000','Flagship mới nhất',32150000,'Iphone 13 Pro Max 128GB',6,_binary '',1),(253,'White','2025-05-04 14:13:57.000000','Flagship mới nhất',32150000,'Iphone 13 Pro Max 128GB',6,_binary '',1),(254,'White','2025-05-04 14:13:57.000000','Flagship mới nhất',32150000,'Iphone 13 Pro Max 128GB',6,_binary '',1),(255,'White','2025-05-04 14:13:57.000000','Flagship mới nhất',32150000,'Iphone 13 Pro Max 128GB',6,_binary '',1),(256,'White','2025-05-04 14:13:57.000000','Flagship mới nhất',32150000,'Iphone 13 Pro Max 128GB',6,_binary '',1),(257,'White','2025-05-04 14:13:57.000000','Flagship mới nhất',32150000,'Iphone 13 Pro Max 128GB',6,_binary '',1),(258,'White','2025-05-04 14:13:57.000000','Flagship mới nhất',32150000,'Iphone 13 Pro Max 128GB',6,_binary '',1),(259,'White','2025-05-04 14:13:57.000000','Flagship mới nhất',32150000,'Iphone 13 Pro Max 128GB',6,_binary '',1),(260,'White','2025-05-04 14:13:57.000000','Flagship mới nhất',32150000,'Iphone 13 Pro Max 128GB',6,_binary '',1),(261,'Purple','2025-05-04 14:13:57.000000','Flagship mới nhất',33150000,'Iphone 14 Pro Max 128GB',6,_binary '',1),(262,'Purple','2025-05-04 14:13:57.000000','Flagship mới nhất',33150000,'Iphone 14 Pro Max 128GB',6,_binary '',1),(263,'Purple','2025-05-04 14:13:57.000000','Flagship mới nhất',33500000,'Iphone 14 Pro Max 128GB',6,_binary '',1),(264,'Purple','2025-05-04 14:13:57.000000','Flagship mới nhất',33150000,'Iphone 14 Pro Max 128GB',6,_binary '',1),(265,'Purple','2025-05-04 14:13:57.000000','Flagship mới nhất',33150000,'Iphone 14 Pro Max 128GB',6,_binary '',1),(266,'Purple','2025-05-04 14:13:57.000000','Flagship mới nhất',33150000,'Iphone 14 Pro Max 128GB',6,_binary '',1),(267,'Purple','2025-05-04 14:13:57.000000','Flagship mới nhất',33150000,'Iphone 14 Pro Max 128GB',6,_binary '',1),(268,'Purple','2025-05-04 14:13:57.000000','Flagship mới nhất',33150000,'Iphone 14 Pro Max 128GB',6,_binary '',1),(269,'Purple','2025-05-04 14:13:57.000000','Flagship mới nhất',33150000,'Iphone 14 Pro Max 128GB',6,_binary '',1),(270,'Purple','2025-05-04 14:13:57.000000','Flagship mới nhất',33150000,'Iphone 14 Pro Max 128GB',6,_binary '',1),(271,'Red','2025-05-04 14:13:57.000000','Flagship mới nhất',33150000,'Iphone 14 Pro Max 128GB',6,_binary '',1),(272,'Red','2025-05-04 14:13:57.000000','Flagship mới nhất',33150000,'Iphone 14 Pro Max 128GB',6,_binary '',1),(273,'Red','2025-05-04 14:13:57.000000','Flagship mới nhất',33500000,'Iphone 14 Pro Max 128GB',6,_binary '',1),(274,'Red','2025-05-04 14:13:57.000000','Flagship mới nhất',33150000,'Iphone 14 Pro Max 128GB',6,_binary '',1),(275,'Red','2025-05-04 14:13:57.000000','Flagship mới nhất',33150000,'Iphone 14 Pro Max 128GB',6,_binary '',1),(276,'Red','2025-05-04 14:13:57.000000','Flagship mới nhất',33150000,'Iphone 14 Pro Max 128GB',6,_binary '',1),(277,'Red','2025-05-04 14:13:57.000000','Flagship mới nhất',33150000,'Iphone 14 Pro Max 128GB',6,_binary '',1),(278,'Red','2025-05-04 14:13:57.000000','Flagship mới nhất',33150000,'Iphone 14 Pro Max 128GB',6,_binary '',1),(279,'Red','2025-05-04 14:13:57.000000','Flagship mới nhất',33150000,'Iphone 14 Pro Max 128GB',6,_binary '',1),(280,'Red','2025-05-04 14:13:57.000000','Flagship mới nhất',33150000,'Iphone 14 Pro Max 128GB',6,_binary '',1),(281,'Blue','2025-05-04 14:13:57.000000','Flagship mới nhất',33150000,'Iphone 14 Pro Max 128GB',6,_binary '',1),(282,'Blue','2025-05-04 14:13:57.000000','Flagship mới nhất',33150000,'Iphone 14 Pro Max 128GB',6,_binary '',1),(283,'Blue','2025-05-04 14:13:57.000000','Flagship mới nhất',33500000,'Iphone 14 Pro Max 128GB',6,_binary '',1),(284,'Blue','2025-05-04 14:13:57.000000','Flagship mới nhất',33150000,'Iphone 14 Pro Max 128GB',6,_binary '',1),(285,'Blue','2025-05-04 14:13:57.000000','Flagship mới nhất',33150000,'Iphone 14 Pro Max 128GB',6,_binary '',1),(286,'Blue','2025-05-04 14:13:57.000000','Flagship mới nhất',33150000,'Iphone 14 Pro Max 128GB',6,_binary '',1),(287,'Blue','2025-05-04 14:13:57.000000','Flagship mới nhất',33150000,'Iphone 14 Pro Max 128GB',6,_binary '',1),(288,'Blue','2025-05-04 14:13:57.000000','Flagship mới nhất',33150000,'Iphone 14 Pro Max 128GB',6,_binary '',1),(289,'Blue','2025-05-04 14:13:57.000000','Flagship mới nhất',33150000,'Iphone 14 Pro Max 128GB',6,_binary '',1),(290,'Blue','2025-05-04 14:13:57.000000','Flagship mới nhất',33150000,'Iphone 14 Pro Max 128GB',6,_binary '',1),(291,'Black','2025-05-04 14:13:57.000000','Flagship mới nhất',33150000,'Iphone 14 Pro Max 128GB',6,_binary '',1),(292,'Black','2025-05-04 14:13:57.000000','Flagship mới nhất',33150000,'Iphone 14 Pro Max 128GB',6,_binary '',1),(293,'Black','2025-05-04 14:13:57.000000','Flagship mới nhất',33500000,'Iphone 14 Pro Max 128GB',6,_binary '',1),(294,'Black','2025-05-04 14:13:57.000000','Flagship mới nhất',33150000,'Iphone 14 Pro Max 128GB',6,_binary '',1),(295,'Black','2025-05-04 14:13:57.000000','Flagship mới nhất',33150000,'Iphone 14 Pro Max 128GB',6,_binary '',1),(296,'Black','2025-05-04 14:13:57.000000','Flagship mới nhất',33150000,'Iphone 14 Pro Max 128GB',6,_binary '',1),(297,'Black','2025-05-04 14:13:57.000000','Flagship mới nhất',33150000,'Iphone 14 Pro Max 128GB',6,_binary '',1),(298,'Black','2025-05-04 14:13:57.000000','Flagship mới nhất',33150000,'Iphone 14 Pro Max 128GB',6,_binary '',1),(299,'Black','2025-05-04 14:13:57.000000','Flagship mới nhất',33150000,'Iphone 14 Pro Max 128GB',6,_binary '',1),(300,'Black','2025-05-04 14:13:57.000000','Flagship mới nhất',33150000,'Iphone 14 Pro Max 128GB',6,_binary '',1),(301,'White','2025-05-04 14:13:57.000000','Flagship mới nhất',33150000,'Iphone 14 Pro Max 128GB',6,_binary '',1),(302,'White','2025-05-04 14:13:57.000000','Flagship mới nhất',33150000,'Iphone 14 Pro Max 128GB',6,_binary '',1),(303,'White','2025-05-04 14:13:57.000000','Flagship mới nhất',33500000,'Iphone 14 Pro Max 128GB',6,_binary '',1),(304,'White','2025-05-04 14:13:57.000000','Flagship mới nhất',33150000,'Iphone 14 Pro Max 128GB',6,_binary '',1),(305,'White','2025-05-04 14:13:57.000000','Flagship mới nhất',33150000,'Iphone 14 Pro Max 128GB',6,_binary '',1),(306,'White','2025-05-04 14:13:57.000000','Flagship mới nhất',33150000,'Iphone 14 Pro Max 128GB',6,_binary '',1),(307,'White','2025-05-04 14:13:57.000000','Flagship mới nhất',33150000,'Iphone 14 Pro Max 128GB',6,_binary '',1),(308,'White','2025-05-04 14:13:57.000000','Flagship mới nhất',33150000,'Iphone 14 Pro Max 128GB',6,_binary '',1),(309,'White','2025-05-04 14:13:57.000000','Flagship mới nhất',33150000,'Iphone 14 Pro Max 128GB',6,_binary '',1),(310,'White','2025-05-04 14:13:57.000000','Flagship mới nhất',33150000,'Iphone 14 Pro Max 128GB',6,_binary '',1),(311,'Yellow','2025-05-04 14:13:57.000000','Flagship mới nhất',33150000,'Iphone 15 Pro Max 128GB',6,_binary '',1),(312,'Yellow','2025-05-04 14:13:57.000000','Flagship mới nhất',33150000,'Iphone 15 Pro Max 128GB',6,_binary '',1),(313,'Yellow','2025-05-04 14:13:57.000000','Flagship mới nhất',33500000,'Iphone 15 Pro Max 128GB',6,_binary '',1),(314,'Yellow','2025-05-04 14:13:57.000000','Flagship mới nhất',33150000,'Iphone 15 Pro Max 128GB',6,_binary '',1),(315,'Yellow','2025-05-04 14:13:57.000000','Flagship mới nhất',33150000,'Iphone 15 Pro Max 128GB',6,_binary '',1),(316,'Yellow','2025-05-04 14:13:57.000000','Flagship mới nhất',33150000,'Iphone 15 Pro Max 128GB',6,_binary '',1),(317,'Yellow','2025-05-04 14:13:57.000000','Flagship mới nhất',33150000,'Iphone 15 Pro Max 128GB',6,_binary '',1),(318,'Yellow','2025-05-04 14:13:57.000000','Flagship mới nhất',33150000,'Iphone 15 Pro Max 128GB',6,_binary '',1),(319,'Yellow','2025-05-04 14:13:57.000000','Flagship mới nhất',33150000,'Iphone 15 Pro Max 128GB',6,_binary '',1),(320,'Yellow','2025-05-04 14:13:57.000000','Flagship mới nhất',33150000,'Iphone 15 Pro Max 128GB',6,_binary '',1),(321,'Blue','2025-05-04 14:13:57.000000','Flagship mới nhất',33150000,'Iphone 15 Pro Max 128GB',6,_binary '',1),(322,'Blue','2025-05-04 14:13:57.000000','Flagship mới nhất',33150000,'Iphone 15 Pro Max 128GB',6,_binary '',1),(323,'Blue','2025-05-04 14:13:57.000000','Flagship mới nhất',33500000,'Iphone 15 Pro Max 128GB',6,_binary '',1),(324,'Blue','2025-05-04 14:13:57.000000','Flagship mới nhất',33150000,'Iphone 15 Pro Max 128GB',6,_binary '',1),(325,'Blue','2025-05-04 14:13:57.000000','Flagship mới nhất',33150000,'Iphone 15 Pro Max 128GB',6,_binary '',1),(326,'Blue','2025-05-04 14:13:57.000000','Flagship mới nhất',33150000,'Iphone 15 Pro Max 128GB',6,_binary '',1),(327,'Blue','2025-05-04 14:13:57.000000','Flagship mới nhất',33150000,'Iphone 15 Pro Max 128GB',6,_binary '',1),(328,'Blue','2025-05-04 14:13:57.000000','Flagship mới nhất',33150000,'Iphone 15 Pro Max 128GB',6,_binary '',1),(329,'Blue','2025-05-04 14:13:57.000000','Flagship mới nhất',33150000,'Iphone 15 Pro Max 128GB',6,_binary '',1),(330,'Blue','2025-05-04 14:13:57.000000','Flagship mới nhất',33150000,'Iphone 15 Pro Max 128GB',6,_binary '',1),(331,'Green','2025-05-04 14:13:57.000000','Flagship mới nhất',34150000,'Iphone 15 Pro Max 128GB',6,_binary '',1),(332,'Green','2025-05-04 14:13:57.000000','Flagship mới nhất',34150000,'Iphone 15 Pro Max 128GB',6,_binary '',1),(333,'Green','2025-05-04 14:13:57.000000','Flagship mới nhất',34500000,'Iphone 15 Pro Max 128GB',6,_binary '',1),(334,'Green','2025-05-04 14:13:57.000000','Flagship mới nhất',34150000,'Iphone 15 Pro Max 128GB',6,_binary '',1),(335,'Green','2025-05-04 14:13:57.000000','Flagship mới nhất',34150000,'Iphone 15 Pro Max 128GB',6,_binary '',1),(336,'Green','2025-05-04 14:13:57.000000','Flagship mới nhất',34150000,'Iphone 15 Pro Max 128GB',6,_binary '',1),(337,'Green','2025-05-04 14:13:57.000000','Flagship mới nhất',34150000,'Iphone 15 Pro Max 128GB',6,_binary '',1),(338,'Green','2025-05-04 14:13:57.000000','Flagship mới nhất',34150000,'Iphone 15 Pro Max 128GB',6,_binary '',1),(339,'Green','2025-05-04 14:13:57.000000','Flagship mới nhất',34150000,'Iphone 15 Pro Max 128GB',6,_binary '',1),(340,'Green','2025-05-04 14:13:57.000000','Flagship mới nhất',34150000,'Iphone 15 Pro Max 128GB',6,_binary '',1),(341,'Pink','2025-05-04 14:13:57.000000','Flagship mới nhất',34150000,'Iphone 15 Pro Max 128GB',6,_binary '',1),(342,'Pink','2025-05-04 14:13:57.000000','Flagship mới nhất',34150000,'Iphone 15 Pro Max 128GB',6,_binary '',1),(343,'Pink','2025-05-04 14:13:57.000000','Flagship mới nhất',34500000,'Iphone 15 Pro Max 128GB',6,_binary '',1),(344,'Pink','2025-05-04 14:13:57.000000','Flagship mới nhất',34150000,'Iphone 15 Pro Max 128GB',6,_binary '',1),(345,'Pink','2025-05-04 14:13:57.000000','Flagship mới nhất',34150000,'Iphone 15 Pro Max 128GB',6,_binary '',1),(346,'Pink','2025-05-04 14:13:57.000000','Flagship mới nhất',34150000,'Iphone 15 Pro Max 128GB',6,_binary '',1),(347,'Pink','2025-05-04 14:13:57.000000','Flagship mới nhất',34150000,'Iphone 15 Pro Max 128GB',6,_binary '',1),(348,'Pink','2025-05-04 14:13:57.000000','Flagship mới nhất',34150000,'Iphone 15 Pro Max 128GB',6,_binary '',1),(349,'Pink','2025-05-04 14:13:57.000000','Flagship mới nhất',34150000,'Iphone 15 Pro Max 128GB',6,_binary '',1),(350,'Pink','2025-05-04 14:13:57.000000','Flagship mới nhất',34150000,'Iphone 15 Pro Max 128GB',6,_binary '',1),(351,'Black','2025-05-04 14:13:57.000000','Flagship mới nhất',35150000,'Iphone 15 Pro Max 128GB',6,_binary '',1),(352,'Black','2025-05-04 14:13:57.000000','Flagship mới nhất',35150000,'Iphone 15 Pro Max 128GB',6,_binary '',1),(353,'Black','2025-05-04 14:13:57.000000','Flagship mới nhất',35500000,'Iphone 15 Pro Max 128GB',6,_binary '',1),(354,'Black','2025-05-04 14:13:57.000000','Flagship mới nhất',35150000,'Iphone 15 Pro Max 128GB',6,_binary '',1),(355,'Black','2025-05-04 14:13:57.000000','Flagship mới nhất',35150000,'Iphone 15 Pro Max 128GB',6,_binary '',1),(356,'Black','2025-05-04 14:13:57.000000','Flagship mới nhất',35150000,'Iphone 15 Pro Max 128GB',6,_binary '',1),(357,'Black','2025-05-04 14:13:57.000000','Flagship mới nhất',35150000,'Iphone 15 Pro Max 128GB',6,_binary '',1),(358,'Black','2025-05-04 14:13:57.000000','Flagship mới nhất',35150000,'Iphone 15 Pro Max 128GB',6,_binary '',1),(359,'Black','2025-05-04 14:13:57.000000','Flagship mới nhất',35150000,'Iphone 15 Pro Max 128GB',6,_binary '',1),(360,'Black','2025-05-04 14:13:57.000000','Flagship mới nhất',35150000,'Iphone 15 Pro Max 128GB',6,_binary '',1),(361,'Green','2025-05-04 14:13:57.000000','Flagship mới nhất',35150000,'Iphone 16 Pro Max 128GB',6,_binary '',1),(362,'Green','2025-05-04 14:13:57.000000','Flagship mới nhất',35150000,'Iphone 16 Pro Max 128GB',6,_binary '',1),(363,'Green','2025-05-04 14:13:57.000000','Flagship mới nhất',35500000,'Iphone 16 Pro Max 128GB',6,_binary '',1),(364,'Green','2025-05-04 14:13:57.000000','Flagship mới nhất',35150000,'Iphone 16 Pro Max 128GB',6,_binary '',1),(365,'Green','2025-05-04 14:13:57.000000','Flagship mới nhất',35150000,'Iphone 16 Pro Max 128GB',6,_binary '',1),(366,'Green','2025-05-04 14:13:57.000000','Flagship mới nhất',35150000,'Iphone 16 Pro Max 128GB',6,_binary '',1),(367,'Green','2025-05-04 14:13:57.000000','Flagship mới nhất',35150000,'Iphone 16 Pro Max 128GB',6,_binary '',1),(368,'Green','2025-05-04 14:13:57.000000','Flagship mới nhất',35150000,'Iphone 16 Pro Max 128GB',6,_binary '',1),(369,'Green','2025-05-04 14:13:57.000000','Flagship mới nhất',35150000,'Iphone 16 Pro Max 128GB',6,_binary '',1),(370,'Green','2025-05-04 14:13:57.000000','Flagship mới nhất',35150000,'Iphone 16 Pro Max 128GB',6,_binary '',1),(371,'Pink','2025-05-04 14:13:57.000000','Flagship mới nhất',35150000,'Iphone 16 Pro Max 128GB',6,_binary '',1),(372,'Pink','2025-05-04 14:13:57.000000','Flagship mới nhất',35150000,'Iphone 16 Pro Max 128GB',6,_binary '',1),(373,'Pink','2025-05-04 14:13:57.000000','Flagship mới nhất',35500000,'Iphone 16 Pro Max 128GB',6,_binary '',1),(374,'Pink','2025-05-04 14:13:57.000000','Flagship mới nhất',35150000,'Iphone 16 Pro Max 128GB',6,_binary '',1),(375,'Pink','2025-05-04 14:13:57.000000','Flagship mới nhất',35150000,'Iphone 16 Pro Max 128GB',6,_binary '',1),(376,'Pink','2025-05-04 14:13:57.000000','Flagship mới nhất',35150000,'Iphone 16 Pro Max 128GB',6,_binary '',1),(377,'Pink','2025-05-04 14:13:57.000000','Flagship mới nhất',35150000,'Iphone 16 Pro Max 128GB',6,_binary '',1),(378,'Pink','2025-05-04 14:13:57.000000','Flagship mới nhất',35150000,'Iphone 16 Pro Max 128GB',6,_binary '',1),(379,'Pink','2025-05-04 14:13:57.000000','Flagship mới nhất',35150000,'Iphone 16 Pro Max 128GB',6,_binary '',1),(380,'Pink','2025-05-04 14:13:57.000000','Flagship mới nhất',35150000,'Iphone 16 Pro Max 128GB',6,_binary '',1),(381,'Black','2025-05-04 14:13:57.000000','Flagship mới nhất',35150000,'Iphone 16 Pro Max 128GB',6,_binary '',1),(382,'Black','2025-05-04 14:13:57.000000','Flagship mới nhất',35150000,'Iphone 16 Pro Max 128GB',6,_binary '',1),(383,'Black','2025-05-04 14:13:57.000000','Flagship mới nhất',35500000,'Iphone 16 Pro Max 128GB',6,_binary '',1),(384,'Black','2025-05-04 14:13:57.000000','Flagship mới nhất',35150000,'Iphone 16 Pro Max 128GB',6,_binary '',1),(385,'Black','2025-05-04 14:13:57.000000','Flagship mới nhất',35150000,'Iphone 16 Pro Max 128GB',6,_binary '',1),(386,'Black','2025-05-04 14:13:57.000000','Flagship mới nhất',35150000,'Iphone 16 Pro Max 128GB',6,_binary '',1),(387,'Black','2025-05-04 14:13:57.000000','Flagship mới nhất',35150000,'Iphone 16 Pro Max 128GB',6,_binary '',1),(388,'Black','2025-05-04 14:13:57.000000','Flagship mới nhất',35150000,'Iphone 16 Pro Max 128GB',6,_binary '',1),(389,'Black','2025-05-04 14:13:57.000000','Flagship mới nhất',35150000,'Iphone 16 Pro Max 128GB',6,_binary '',1),(390,'Black','2025-05-04 14:13:57.000000','Flagship mới nhất',35150000,'Iphone 16 Pro Max 128GB',6,_binary '',1),(391,'White','2025-05-04 14:13:57.000000','Flagship mới nhất',36150000,'Iphone 16 Pro Max 128GB',6,_binary '',1),(392,'White','2025-05-04 14:13:57.000000','Flagship mới nhất',36150000,'Iphone 16 Pro Max 128GB',6,_binary '',1),(393,'White','2025-05-04 14:13:57.000000','Flagship mới nhất',36500000,'Iphone 16 Pro Max 128GB',6,_binary '',1),(394,'White','2025-05-04 14:13:57.000000','Flagship mới nhất',36150000,'Iphone 16 Pro Max 128GB',6,_binary '',1),(395,'White','2025-05-04 14:13:57.000000','Flagship mới nhất',36150000,'Iphone 16 Pro Max 128GB',6,_binary '',1),(396,'White','2025-05-04 14:13:57.000000','Flagship mới nhất',36150000,'Iphone 16 Pro Max 128GB',6,_binary '',1),(397,'White','2025-05-04 14:13:57.000000','Flagship mới nhất',36150000,'Iphone 16 Pro Max 128GB',6,_binary '',1),(398,'White','2025-05-04 14:13:57.000000','Flagship mới nhất',36150000,'Iphone 16 Pro Max 128GB',6,_binary '',1),(399,'White','2025-05-04 14:13:57.000000','Flagship mới nhất',36150000,'Iphone 16 Pro Max 128GB',6,_binary '',1),(400,'White','2025-05-04 14:13:57.000000','Flagship mới nhất',36150000,'Iphone 16 Pro Max 128GB',6,_binary '',1),(401,'Desert','2025-05-04 14:13:57.000000','Flagship mới nhất',36150000,'Iphone 16 Pro Max 128GB',6,_binary '',1),(402,'Desert','2025-05-04 14:13:57.000000','Flagship mới nhất',36150000,'Iphone 16 Pro Max 128GB',6,_binary '',1),(403,'Desert','2025-05-04 14:13:57.000000','Flagship mới nhất',36500000,'Iphone 16 Pro Max 128GB',6,_binary '',1),(404,'Desert','2025-05-04 14:13:57.000000','Flagship mới nhất',36150000,'Iphone 16 Pro Max 128GB',6,_binary '',1),(405,'Desert','2025-05-04 14:13:57.000000','Flagship mới nhất',36150000,'Iphone 16 Pro Max 128GB',6,_binary '',1),(406,'Desert','2025-05-04 14:13:57.000000','Flagship mới nhất',36150000,'Iphone 16 Pro Max 128GB',6,_binary '',1),(407,'Desert','2025-05-04 14:13:57.000000','Flagship mới nhất',36150000,'Iphone 16 Pro Max 128GB',6,_binary '',1),(408,'Desert','2025-05-04 14:13:57.000000','Flagship mới nhất',36150000,'Iphone 16 Pro Max 128GB',6,_binary '',1),(409,'Desert','2025-05-04 14:13:57.000000','Flagship mới nhất',36150000,'Iphone 16 Pro Max 128GB',6,_binary '',1),(410,'Desert','2025-05-04 14:13:57.000000','Flagship mới nhất',36150000,'Iphone 16 Pro Max 128GB',6,_binary '',1),(411,'Silver','2025-05-04 14:13:57.000000','Flagship mới nhất',10000000,'OPPO Reno12 5G 12GB 256GB',6,_binary '',4),(412,'Silver','2025-05-04 14:13:57.000000','Flagship mới nhất',10000000,'OPPO Reno12 5G 12GB 256GB',6,_binary '',4),(413,'Silver','2025-05-04 14:13:57.000000','Flagship mới nhất',10000000,'OPPO Reno12 5G 12GB 256GB',6,_binary '',4),(414,'Silver','2025-05-04 14:13:57.000000','Flagship mới nhất',10000000,'OPPO Reno12 5G 12GB 256GB',6,_binary '',4),(415,'Silver','2025-05-04 14:13:57.000000','Flagship mới nhất',10000000,'OPPO Reno12 5G 12GB 256GB',6,_binary '',4),(416,'Silver','2025-05-04 14:13:57.000000','Flagship mới nhất',10000000,'OPPO Reno12 5G 12GB 256GB',6,_binary '',4),(417,'Silver','2025-05-04 14:13:57.000000','Flagship mới nhất',10000000,'OPPO Reno12 5G 12GB 256GB',6,_binary '',4),(418,'Silver','2025-05-04 14:13:57.000000','Flagship mới nhất',10000000,'OPPO Reno12 5G 12GB 256GB',6,_binary '',4),(419,'Silver','2025-05-04 14:13:57.000000','Flagship mới nhất',10000000,'OPPO Reno12 5G 12GB 256GB',6,_binary '',4),(420,'Silver','2025-05-04 14:13:57.000000','Flagship mới nhất',10000000,'OPPO Reno12 5G 12GB 256GB',6,_binary '',4),(421,'Brown','2025-05-04 14:13:57.000000','Flagship mới nhất',11000000,'OPPO Reno12 5G 12GB 256GB',6,_binary '',4),(422,'Brown','2025-05-04 14:13:57.000000','Flagship mới nhất',11000000,'OPPO Reno12 5G 12GB 256GB',6,_binary '',4),(423,'Brown','2025-05-04 14:13:57.000000','Flagship mới nhất',11000000,'OPPO Reno12 5G 12GB 256GB',6,_binary '',4),(424,'Brown','2025-05-04 14:13:57.000000','Flagship mới nhất',11000000,'OPPO Reno12 5G 12GB 256GB',6,_binary '',4),(425,'Brown','2025-05-04 14:13:57.000000','Flagship mới nhất',11000000,'OPPO Reno12 5G 12GB 256GB',6,_binary '',4),(426,'Brown','2025-05-04 14:13:57.000000','Flagship mới nhất',11000000,'OPPO Reno12 5G 12GB 256GB',6,_binary '',4),(427,'Brown','2025-05-04 14:13:57.000000','Flagship mới nhất',11000000,'OPPO Reno12 5G 12GB 256GB',6,_binary '',4),(428,'Brown','2025-05-04 14:13:57.000000','Flagship mới nhất',11000000,'OPPO Reno12 5G 12GB 256GB',6,_binary '',4),(429,'Brown','2025-05-04 14:13:57.000000','Flagship mới nhất',11000000,'OPPO Reno12 5G 12GB 256GB',6,_binary '',4),(430,'Brown','2025-05-04 14:13:57.000000','Flagship mới nhất',11000000,'OPPO Reno12 5G 12GB 256GB',6,_binary '',4),(431,'Black','2025-05-04 14:13:57.000000','Flagship mới nhất',11000000,'OPPO A77s 8GB 128GB',6,_binary '',4),(432,'Black','2025-05-04 14:13:57.000000','Flagship mới nhất',11000000,'OPPO A77s 8GB 128GB',6,_binary '',4),(433,'Black','2025-05-04 14:13:57.000000','Flagship mới nhất',11000000,'OPPO A77s 8GB 128GB',6,_binary '',4),(434,'Black','2025-05-04 14:13:57.000000','Flagship mới nhất',11000000,'OPPO A77s 8GB 128GB',6,_binary '',4),(435,'Black','2025-05-04 14:13:57.000000','Flagship mới nhất',11000000,'OPPO A77s 8GB 128GB',6,_binary '',4),(436,'Black','2025-05-04 14:13:57.000000','Flagship mới nhất',11000000,'OPPO A77s 8GB 128GB',6,_binary '',4),(437,'Black','2025-05-04 14:13:57.000000','Flagship mới nhất',11000000,'OPPO A77s 8GB 128GB',6,_binary '',4),(438,'Black','2025-05-04 14:13:57.000000','Flagship mới nhất',11000000,'OPPO A77s 8GB 128GB',6,_binary '',4),(439,'Black','2025-05-04 14:13:57.000000','Flagship mới nhất',11000000,'OPPO A77s 8GB 128GB',6,_binary '',4),(440,'Black','2025-05-04 14:13:57.000000','Flagship mới nhất',11000000,'OPPO A77s 8GB 128GB',6,_binary '',4),(441,'Blue','2025-05-04 14:13:57.000000','Flagship mới nhất',11000000,'OPPO A77s 8GB 128GB',6,_binary '',4),(442,'Blue','2025-05-04 14:13:57.000000','Flagship mới nhất',11000000,'OPPO A77s 8GB 128GB',6,_binary '',4),(443,'Blue','2025-05-04 14:13:57.000000','Flagship mới nhất',11000000,'OPPO A77s 8GB 128GB',6,_binary '',4),(444,'Blue','2025-05-04 14:13:57.000000','Flagship mới nhất',11000000,'OPPO A77s 8GB 128GB',6,_binary '',4),(445,'Blue','2025-05-04 14:13:57.000000','Flagship mới nhất',11000000,'OPPO A77s 8GB 128GB',6,_binary '',4),(446,'Blue','2025-05-04 14:13:57.000000','Flagship mới nhất',11000000,'OPPO A77s 8GB 128GB',6,_binary '',4),(447,'Blue','2025-05-04 14:13:57.000000','Flagship mới nhất',11000000,'OPPO A77s 8GB 128GB',6,_binary '',4),(448,'Blue','2025-05-04 14:13:57.000000','Flagship mới nhất',11000000,'OPPO A77s 8GB 128GB',6,_binary '',4),(449,'Blue','2025-05-04 14:13:57.000000','Flagship mới nhất',11000000,'OPPO A77s 8GB 128GB',6,_binary '',4),(450,'Blue','2025-05-04 14:13:57.000000','Flagship mới nhất',11000000,'OPPO A77s 8GB 128GB',6,_binary '',4),(451,'Black','2025-05-04 14:13:57.000000','Flagship mới nhất',11000000,'OPPO A79 5G 8GB 256GB',6,_binary '',4),(452,'Black','2025-05-04 14:13:57.000000','Flagship mới nhất',11000000,'OPPO A79 5G 8GB 256GB',6,_binary '',4),(453,'Black','2025-05-04 14:13:57.000000','Flagship mới nhất',11000000,'OPPO A79 5G 8GB 256GB',6,_binary '',4),(454,'Black','2025-05-04 14:13:57.000000','Flagship mới nhất',11000000,'OPPO A79 5G 8GB 256GB',6,_binary '',4),(455,'Black','2025-05-04 14:13:57.000000','Flagship mới nhất',11000000,'OPPO A79 5G 8GB 256GB',6,_binary '',4),(456,'Black','2025-05-04 14:13:57.000000','Flagship mới nhất',11000000,'OPPO A79 5G 8GB 256GB',6,_binary '',4),(457,'Black','2025-05-04 14:13:57.000000','Flagship mới nhất',11000000,'OPPO A79 5G 8GB 256GB',6,_binary '',4),(458,'Black','2025-05-04 14:13:57.000000','Flagship mới nhất',11000000,'OPPO A79 5G 8GB 256GB',6,_binary '',4),(459,'Black','2025-05-04 14:13:57.000000','Flagship mới nhất',11000000,'OPPO A79 5G 8GB 256GB',6,_binary '',4),(460,'Black','2025-05-04 14:13:57.000000','Flagship mới nhất',11000000,'OPPO A79 5G 8GB 256GB',6,_binary '',4),(461,'Purple','2025-05-04 14:13:57.000000','Flagship mới nhất',11500000,'OPPO A79 5G 8GB 256GB',6,_binary '',4),(462,'Purple','2025-05-04 14:13:57.000000','Flagship mới nhất',11500000,'OPPO A79 5G 8GB 256GB',6,_binary '',4),(463,'Purple','2025-05-04 14:13:57.000000','Flagship mới nhất',11500000,'OPPO A79 5G 8GB 256GB',6,_binary '',4),(464,'Purple','2025-05-04 14:13:57.000000','Flagship mới nhất',11500000,'OPPO A79 5G 8GB 256GB',6,_binary '',4),(465,'Purple','2025-05-04 14:13:57.000000','Flagship mới nhất',11500000,'OPPO A79 5G 8GB 256GB',6,_binary '',4),(466,'Purple','2025-05-04 14:13:57.000000','Flagship mới nhất',11500000,'OPPO A79 5G 8GB 256GB',6,_binary '',4),(467,'Purple','2025-05-04 14:13:57.000000','Flagship mới nhất',11500000,'OPPO A79 5G 8GB 256GB',6,_binary '',4),(468,'Purple','2025-05-04 14:13:57.000000','Flagship mới nhất',11500000,'OPPO A79 5G 8GB 256GB',6,_binary '',4),(469,'Purple','2025-05-04 14:13:57.000000','Flagship mới nhất',11500000,'OPPO A79 5G 8GB 256GB',6,_binary '',4),(470,'Purple','2025-05-04 14:13:57.000000','Flagship mới nhất',11500000,'OPPO A79 5G 8GB 256GB',6,_binary '',4),(471,'Black','2025-05-04 14:13:57.000000','Flagship mới nhất',11500000,'OPPO A18 4GB 128GB',6,_binary '',4),(472,'Black','2025-05-04 14:13:57.000000','Flagship mới nhất',11500000,'OPPO A18 4GB 128GB',6,_binary '',4),(473,'Black','2025-05-04 14:13:57.000000','Flagship mới nhất',11500000,'OPPO A18 4GB 128GB',6,_binary '',4),(474,'Black','2025-05-04 14:13:57.000000','Flagship mới nhất',11500000,'OPPO A18 4GB 128GB',6,_binary '',4),(475,'Black','2025-05-04 14:13:57.000000','Flagship mới nhất',11500000,'OPPO A18 4GB 128GB',6,_binary '',4),(476,'Black','2025-05-04 14:13:57.000000','Flagship mới nhất',11500000,'OPPO A18 4GB 128GB',6,_binary '',4),(477,'Black','2025-05-04 14:13:57.000000','Flagship mới nhất',11500000,'OPPO A18 4GB 128GB',6,_binary '',4),(478,'Black','2025-05-04 14:13:57.000000','Flagship mới nhất',11500000,'OPPO A18 4GB 128GB',6,_binary '',4),(479,'Black','2025-05-04 14:13:57.000000','Flagship mới nhất',11500000,'OPPO A18 4GB 128GB',6,_binary '',4),(480,'Black','2025-05-04 14:13:57.000000','Flagship mới nhất',11500000,'OPPO A18 4GB 128GB',6,_binary '',4),(481,'Blue','2025-05-04 14:13:57.000000','Flagship mới nhất',12500000,'OPPO A18 4GB 128GB',6,_binary '',4),(482,'Blue','2025-05-04 14:13:57.000000','Flagship mới nhất',12500000,'OPPO A18 4GB 128GB',6,_binary '',4),(483,'Blue','2025-05-04 14:13:57.000000','Flagship mới nhất',12500000,'OPPO A18 4GB 128GB',6,_binary '',4),(484,'Blue','2025-05-04 14:13:57.000000','Flagship mới nhất',12500000,'OPPO A18 4GB 128GB',6,_binary '',4),(485,'Blue','2025-05-04 14:13:57.000000','Flagship mới nhất',12500000,'OPPO A18 4GB 128GB',6,_binary '',4),(486,'Blue','2025-05-04 14:13:57.000000','Flagship mới nhất',12500000,'OPPO A18 4GB 128GB',6,_binary '',4),(487,'Blue','2025-05-04 14:13:57.000000','Flagship mới nhất',12500000,'OPPO A18 4GB 128GB',6,_binary '',4),(488,'Blue','2025-05-04 14:13:57.000000','Flagship mới nhất',12500000,'OPPO A18 4GB 128GB',6,_binary '',4),(489,'Blue','2025-05-04 14:13:57.000000','Flagship mới nhất',12500000,'OPPO A18 4GB 128GB',6,_binary '',4),(490,'Blue','2025-05-04 14:13:57.000000','Flagship mới nhất',12500000,'OPPO A18 4GB 128GB',6,_binary '',4),(491,'White','2025-05-04 14:13:57.000000','Flagship mới nhất',13500000,'OPPO Find X5 Pro 5G 12GB 256GB',6,_binary '',4),(492,'White','2025-05-04 14:13:57.000000','Flagship mới nhất',13500000,'OPPO Find X5 Pro 5G 12GB 256GB',6,_binary '',4),(493,'White','2025-05-04 14:13:57.000000','Flagship mới nhất',13500000,'OPPO Find X5 Pro 5G 12GB 256GB',6,_binary '',4),(494,'White','2025-05-04 14:13:57.000000','Flagship mới nhất',13500000,'OPPO Find X5 Pro 5G 12GB 256GB',6,_binary '',4),(495,'White','2025-05-04 14:13:57.000000','Flagship mới nhất',13250000,'OPPO Find X5 Pro 5G 12GB 256GB',6,_binary '',4),(496,'White','2025-05-04 14:13:57.000000','Flagship mới nhất',13500000,'OPPO Find X5 Pro 5G 12GB 256GB',6,_binary '',4),(497,'White','2025-05-04 14:13:57.000000','Flagship mới nhất',13500000,'OPPO Find X5 Pro 5G 12GB 256GB',6,_binary '',4),(498,'White','2025-05-04 14:13:57.000000','Flagship mới nhất',13500000,'OPPO Find X5 Pro 5G 12GB 256GB',6,_binary '',4),(499,'White','2025-05-04 14:13:57.000000','Flagship mới nhất',13500000,'OPPO Find X5 Pro 5G 12GB 256GB',6,_binary '',4),(500,'White','2025-05-04 14:13:57.000000','Flagship mới nhất',13500000,'OPPO Find X5 Pro 5G 12GB 256GB',6,_binary '',4),(501,'Black','2025-05-04 14:13:57.000000','Flagship mới nhất',13500000,'OPPO Find X5 Pro 5G 12GB 256GB',6,_binary '',4),(502,'Black','2025-05-04 14:13:57.000000','Flagship mới nhất',13500000,'OPPO Find X5 Pro 5G 12GB 256GB',6,_binary '',4),(503,'Black','2025-05-04 14:13:57.000000','Flagship mới nhất',13500000,'OPPO Find X5 Pro 5G 12GB 256GB',6,_binary '',4),(504,'Black','2025-05-04 14:13:57.000000','Flagship mới nhất',13500000,'OPPO Find X5 Pro 5G 12GB 256GB',6,_binary '',4),(505,'Black','2025-05-04 14:13:57.000000','Flagship mới nhất',13250000,'OPPO Find X5 Pro 5G 12GB 256GB',6,_binary '',4),(506,'Black','2025-05-04 14:13:57.000000','Flagship mới nhất',13500000,'OPPO Find X5 Pro 5G 12GB 256GB',6,_binary '',4),(507,'Black','2025-05-04 14:13:57.000000','Flagship mới nhất',13500000,'OPPO Find X5 Pro 5G 12GB 256GB',6,_binary '',4),(508,'Black','2025-05-04 14:13:57.000000','Flagship mới nhất',13500000,'OPPO Find X5 Pro 5G 12GB 256GB',6,_binary '',4),(509,'Black','2025-05-04 14:13:57.000000','Flagship mới nhất',13500000,'OPPO Find X5 Pro 5G 12GB 256GB',6,_binary '',4),(510,'Black','2025-05-04 14:13:57.000000','Flagship mới nhất',13500000,'OPPO Find X5 Pro 5G 12GB 256GB',6,_binary '',4),(511,'Grey','2025-05-04 14:13:57.000000','Flagship mới nhất',13500000,'OPPO Reno13 F 5G 12GB 256GB',6,_binary '',4),(512,'Grey','2025-05-04 14:13:57.000000','Flagship mới nhất',13500000,'OPPO Reno13 F 5G 12GB 256GB',6,_binary '',4),(513,'Grey','2025-05-04 14:13:57.000000','Flagship mới nhất',13500000,'OPPO Reno13 F 5G 12GB 256GB',6,_binary '',4),(514,'Grey','2025-05-04 14:13:57.000000','Flagship mới nhất',13500000,'OPPO Reno13 F 5G 12GB 256GB',6,_binary '',4),(515,'Grey','2025-05-04 14:13:57.000000','Flagship mới nhất',13250000,'OPPO Reno13 F 5G 12GB 256GB',6,_binary '',4),(516,'Grey','2025-05-04 14:13:57.000000','Flagship mới nhất',13500000,'OPPO Reno13 F 5G 12GB 256GB',6,_binary '',4),(517,'Grey','2025-05-04 14:13:57.000000','Flagship mới nhất',13500000,'OPPO Reno13 F 5G 12GB 256GB',6,_binary '',4),(518,'Grey','2025-05-04 14:13:57.000000','Flagship mới nhất',13500000,'OPPO Reno13 F 5G 12GB 256GB',6,_binary '',4),(519,'Grey','2025-05-04 14:13:57.000000','Flagship mới nhất',13500000,'OPPO Reno13 F 5G 12GB 256GB',6,_binary '',4),(520,'Grey','2025-05-04 14:13:57.000000','Flagship mới nhất',13500000,'OPPO Reno13 F 5G 12GB 256GB',6,_binary '',4),(521,'Purple','2025-05-04 14:13:57.000000','Flagship mới nhất',13500000,'OPPO Reno13 F 5G 12GB 256GB',6,_binary '',4),(522,'Purple','2025-05-04 14:13:57.000000','Flagship mới nhất',13500000,'OPPO Reno13 F 5G 12GB 256GB',6,_binary '',4),(523,'Purple','2025-05-04 14:13:57.000000','Flagship mới nhất',13500000,'OPPO Reno13 F 5G 12GB 256GB',6,_binary '',4),(524,'Purple','2025-05-04 14:13:57.000000','Flagship mới nhất',13500000,'OPPO Reno13 F 5G 12GB 256GB',6,_binary '',4),(525,'Purple','2025-05-04 14:13:57.000000','Flagship mới nhất',13250000,'OPPO Reno13 F 5G 12GB 256GB',6,_binary '',4),(526,'Purple','2025-05-04 14:13:57.000000','Flagship mới nhất',13500000,'OPPO Reno13 F 5G 12GB 256GB',6,_binary '',4),(527,'Purple','2025-05-04 14:13:57.000000','Flagship mới nhất',13500000,'OPPO Reno13 F 5G 12GB 256GB',6,_binary '',4),(528,'Purple','2025-05-04 14:13:57.000000','Flagship mới nhất',13500000,'OPPO Reno13 F 5G 12GB 256GB',6,_binary '',4),(529,'Purple','2025-05-04 14:13:57.000000','Flagship mới nhất',13500000,'OPPO Reno13 F 5G 12GB 256GB',6,_binary '',4),(530,'Purple','2025-05-04 14:13:57.000000','Flagship mới nhất',13500000,'OPPO Reno13 F 5G 12GB 256GB',6,_binary '',4),(531,'Black','2025-05-04 14:13:57.000000','Flagship mới nhất',14500000,'REALME C53 8GB 256GB',6,_binary '',6),(532,'Black','2025-05-04 14:13:57.000000','Flagship mới nhất',14500000,'REALME C53 8GB 256GB',6,_binary '',6),(533,'Black','2025-05-04 14:13:57.000000','Flagship mới nhất',14500000,'REALME C53 8GB 256GB',6,_binary '',6),(534,'Black','2025-05-04 14:13:57.000000','Flagship mới nhất',14500000,'REALME C53 8GB 256GB',6,_binary '',6),(535,'Black','2025-05-04 14:13:57.000000','Flagship mới nhất',14250000,'REALME C53 8GB 256GB',6,_binary '',6),(536,'Black','2025-05-04 14:13:57.000000','Flagship mới nhất',14500000,'REALME C53 8GB 256GB',6,_binary '',6),(537,'Black','2025-05-04 14:13:57.000000','Flagship mới nhất',14500000,'REALME C53 8GB 256GB',6,_binary '',6),(538,'Black','2025-05-04 14:13:57.000000','Flagship mới nhất',14500000,'REALME C53 8GB 256GB',6,_binary '',6),(539,'Black','2025-05-04 14:13:57.000000','Flagship mới nhất',14500000,'REALME C53 8GB 256GB',6,_binary '',6),(540,'Black','2025-05-04 14:13:57.000000','Flagship mới nhất',14500000,'REALME C53 8GB 256GB',6,_binary '',6),(541,'Yellow','2025-05-04 14:13:57.000000','Flagship mới nhất',15500000,'REALME C53 8GB 256GB',6,_binary '',6),(542,'Yellow','2025-05-04 14:13:57.000000','Flagship mới nhất',15500000,'REALME C53 8GB 256GB',6,_binary '',6),(543,'Yellow','2025-05-04 14:13:57.000000','Flagship mới nhất',15500000,'REALME C53 8GB 256GB',6,_binary '',6),(544,'Yellow','2025-05-04 14:13:57.000000','Flagship mới nhất',15500000,'REALME C53 8GB 256GB',6,_binary '',6),(545,'Yellow','2025-05-04 14:13:57.000000','Flagship mới nhất',15250000,'REALME C53 8GB 256GB',6,_binary '',6),(546,'Yellow','2025-05-04 14:13:57.000000','Flagship mới nhất',15500000,'REALME C53 8GB 256GB',6,_binary '',6),(547,'Yellow','2025-05-04 14:13:57.000000','Flagship mới nhất',15500000,'REALME C53 8GB 256GB',6,_binary '',6),(548,'Yellow','2025-05-04 14:13:57.000000','Flagship mới nhất',15500000,'REALME C53 8GB 256GB',6,_binary '',6),(549,'Yellow','2025-05-04 14:13:57.000000','Flagship mới nhất',15500000,'REALME C53 8GB 256GB',6,_binary '',6),(550,'Yellow','2025-05-04 14:13:57.000000','Flagship mới nhất',15500000,'REALME C53 8GB 256GB',6,_binary '',6),(551,'Blue','2025-05-04 14:13:57.000000','Flagship mới nhất',15500000,'REALME Note 60 4GB 64GB',6,_binary '',6),(552,'Blue','2025-05-04 14:13:57.000000','Flagship mới nhất',15500000,'REALME Note 60 4GB 64GB',6,_binary '',6),(553,'Blue','2025-05-04 14:13:57.000000','Flagship mới nhất',15500000,'REALME Note 60 4GB 64GB',6,_binary '',6),(554,'Blue','2025-05-04 14:13:57.000000','Flagship mới nhất',15500000,'REALME Note 60 4GB 64GB',6,_binary '',6),(555,'Blue','2025-05-04 14:13:57.000000','Flagship mới nhất',15250000,'REALME Note 60 4GB 64GB',6,_binary '',6),(556,'Blue','2025-05-04 14:13:57.000000','Flagship mới nhất',15500000,'REALME Note 60 4GB 64GB',6,_binary '',6),(557,'Blue','2025-05-04 14:13:57.000000','Flagship mới nhất',15500000,'REALME Note 60 4GB 64GB',6,_binary '',6),(558,'Blue','2025-05-04 14:13:57.000000','Flagship mới nhất',15500000,'REALME Note 60 4GB 64GB',6,_binary '',6),(559,'Blue','2025-05-04 14:13:57.000000','Flagship mới nhất',15500000,'REALME Note 60 4GB 64GB',6,_binary '',6),(560,'Blue','2025-05-04 14:13:57.000000','Flagship mới nhất',15500000,'REALME Note 60 4GB 64GB',6,_binary '',6),(561,'Black','2025-05-04 14:13:57.000000','Flagship mới nhất',16500000,'REALME Note 60 4GB 64GB',6,_binary '',6),(562,'Black','2025-05-04 14:13:57.000000','Flagship mới nhất',16500000,'REALME Note 60 4GB 64GB',6,_binary '',6),(563,'Black','2025-05-04 14:13:57.000000','Flagship mới nhất',16500000,'REALME Note 60 4GB 64GB',6,_binary '',6),(564,'Black','2025-05-04 14:13:57.000000','Flagship mới nhất',16500000,'REALME Note 60 4GB 64GB',6,_binary '',6),(565,'Black','2025-05-04 14:13:57.000000','Flagship mới nhất',16250000,'REALME Note 60 4GB 64GB',6,_binary '',6),(566,'Black','2025-05-04 14:13:57.000000','Flagship mới nhất',16500000,'REALME Note 60 4GB 64GB',6,_binary '',6),(567,'Black','2025-05-04 14:13:57.000000','Flagship mới nhất',16500000,'REALME Note 60 4GB 64GB',6,_binary '',6),(568,'Black','2025-05-04 14:13:57.000000','Flagship mới nhất',16500000,'REALME Note 60 4GB 64GB',6,_binary '',6),(569,'Black','2025-05-04 14:13:57.000000','Flagship mới nhất',16500000,'REALME Note 60 4GB 64GB',6,_binary '',6),(570,'Black','2025-05-04 14:13:57.000000','Flagship mới nhất',16500000,'REALME Note 60 4GB 64GB',6,_binary '',6),(571,'Blue','2025-05-04 14:13:57.000000','Flagship mới nhất',17500000,'REALME C60 4GB 64GB',6,_binary '',6),(572,'Blue','2025-05-04 14:13:57.000000','Flagship mới nhất',17500000,'REALME C60 4GB 64GB',6,_binary '',6),(573,'Blue','2025-05-04 14:13:57.000000','Flagship mới nhất',17500000,'REALME C60 4GB 64GB',6,_binary '',6),(574,'Blue','2025-05-04 14:13:57.000000','Flagship mới nhất',17500000,'REALME C60 4GB 64GB',6,_binary '',6),(575,'Blue','2025-05-04 14:13:57.000000','Flagship mới nhất',17250000,'REALME C60 4GB 64GB',6,_binary '',6),(576,'Blue','2025-05-04 14:13:57.000000','Flagship mới nhất',17500000,'REALME C60 4GB 64GB',6,_binary '',6),(577,'Blue','2025-05-04 14:13:57.000000','Flagship mới nhất',17500000,'REALME C60 4GB 64GB',6,_binary '',6),(578,'Blue','2025-05-04 14:13:57.000000','Flagship mới nhất',17500000,'REALME C60 4GB 64GB',6,_binary '',6),(579,'Blue','2025-05-04 14:13:57.000000','Flagship mới nhất',17500000,'REALME C60 4GB 64GB',6,_binary '',6),(580,'Blue','2025-05-04 14:13:57.000000','Flagship mới nhất',17500000,'REALME C60 4GB 64GB',6,_binary '',6),(581,'Black','2025-05-04 14:13:57.000000','Flagship mới nhất',18500000,'REALME C60 4GB 64GB',6,_binary '',6),(582,'Black','2025-05-04 14:13:57.000000','Flagship mới nhất',18500000,'REALME C60 4GB 64GB',6,_binary '',6),(583,'Black','2025-05-04 14:13:57.000000','Flagship mới nhất',18500000,'REALME C60 4GB 64GB',6,_binary '',6),(584,'Black','2025-05-04 14:13:57.000000','Flagship mới nhất',18500000,'REALME C60 4GB 64GB',6,_binary '',6),(585,'Black','2025-05-04 14:13:57.000000','Flagship mới nhất',18250000,'REALME C60 4GB 64GB',6,_binary '',6),(586,'Black','2025-05-04 14:13:57.000000','Flagship mới nhất',18500000,'REALME C60 4GB 64GB',6,_binary '',6),(587,'Black','2025-05-04 14:13:57.000000','Flagship mới nhất',18500000,'REALME C60 4GB 64GB',6,_binary '',6),(588,'Black','2025-05-04 14:13:57.000000','Flagship mới nhất',18500000,'REALME C60 4GB 64GB',6,_binary '',6),(589,'Black','2025-05-04 14:13:57.000000','Flagship mới nhất',18500000,'REALME C60 4GB 64GB',6,_binary '',6),(590,'Black','2025-05-04 14:13:57.000000','Flagship mới nhất',18500000,'REALME C60 4GB 64GB',6,_binary '',6),(591,'Green','2025-05-04 14:13:57.000000','Flagship mới nhất',18500000,'REALME C61 6GB 128GB',6,_binary '',6),(592,'Green','2025-05-04 14:13:57.000000','Flagship mới nhất',18500000,'REALME C61 6GB 128GB',6,_binary '',6),(593,'Green','2025-05-04 14:13:57.000000','Flagship mới nhất',18500000,'REALME C61 6GB 128GB',6,_binary '',6),(594,'Green','2025-05-04 14:13:57.000000','Flagship mới nhất',18500000,'REALME C61 6GB 128GB',6,_binary '',6),(595,'Green','2025-05-04 14:13:57.000000','Flagship mới nhất',18250000,'REALME C61 6GB 128GB',6,_binary '',6),(596,'Green','2025-05-04 14:13:57.000000','Flagship mới nhất',18500000,'REALME C61 6GB 128GB',6,_binary '',6),(597,'Green','2025-05-04 14:13:57.000000','Flagship mới nhất',18500000,'REALME C61 6GB 128GB',6,_binary '',6),(598,'Green','2025-05-04 14:13:57.000000','Flagship mới nhất',18500000,'REALME C61 6GB 128GB',6,_binary '',6),(599,'Green','2025-05-04 14:13:57.000000','Flagship mới nhất',18500000,'REALME C61 6GB 128GB',6,_binary '',6),(600,'Green','2025-05-04 14:13:57.000000','Flagship mới nhất',18500000,'REALME C61 6GB 128GB',6,_binary '',6),(601,'Yellow','2025-05-04 14:13:57.000000','Flagship mới nhất',19500000,'REALME C61 6GB 128GB',6,_binary '',6),(602,'Yellow','2025-05-04 14:13:57.000000','Flagship mới nhất',19500000,'REALME C61 6GB 128GB',6,_binary '',6),(603,'Yellow','2025-05-04 14:13:57.000000','Flagship mới nhất',19500000,'REALME C61 6GB 128GB',6,_binary '',6),(604,'Yellow','2025-05-04 14:13:57.000000','Flagship mới nhất',19500000,'REALME C61 6GB 128GB',6,_binary '',6),(605,'Yellow','2025-05-04 14:13:57.000000','Flagship mới nhất',19250000,'REALME C61 6GB 128GB',6,_binary '',6),(606,'Yellow','2025-05-04 14:13:57.000000','Flagship mới nhất',19500000,'REALME C61 6GB 128GB',6,_binary '',6),(607,'Yellow','2025-05-04 14:13:57.000000','Flagship mới nhất',19500000,'REALME C61 6GB 128GB',6,_binary '',6),(608,'Yellow','2025-05-04 14:13:57.000000','Flagship mới nhất',19500000,'REALME C61 6GB 128GB',6,_binary '',6),(609,'Yellow','2025-05-04 14:13:57.000000','Flagship mới nhất',19500000,'REALME C61 6GB 128GB',6,_binary '',6),(610,'Yellow','2025-05-04 14:13:57.000000','Flagship mới nhất',19500000,'REALME C61 6GB 128GB',6,_binary '',6),(611,'Purple','2025-05-04 14:13:57.000000','Flagship mới nhất',10500000,'README 13+ 5G 8GB 256GB',6,_binary '',6),(612,'Purple','2025-05-04 14:13:57.000000','Flagship mới nhất',10500000,'README 13+ 5G 8GB 256GB',6,_binary '',6),(613,'Purple','2025-05-04 14:13:57.000000','Flagship mới nhất',10500000,'README 13+ 5G 8GB 256GB',6,_binary '',6),(614,'Purple','2025-05-04 14:13:57.000000','Flagship mới nhất',10500000,'README 13+ 5G 8GB 256GB',6,_binary '',6),(615,'Purple','2025-05-04 14:13:57.000000','Flagship mới nhất',10250000,'README 13+ 5G 8GB 256GB',6,_binary '',6),(616,'Purple','2025-05-04 14:13:57.000000','Flagship mới nhất',10500000,'README 13+ 5G 8GB 256GB',6,_binary '',6),(617,'Purple','2025-05-04 14:13:57.000000','Flagship mới nhất',10500000,'README 13+ 5G 8GB 256GB',6,_binary '',6),(618,'Purple','2025-05-04 14:13:57.000000','Flagship mới nhất',10500000,'README 13+ 5G 8GB 256GB',6,_binary '',6),(619,'Purple','2025-05-04 14:13:57.000000','Flagship mới nhất',10500000,'README 13+ 5G 8GB 256GB',6,_binary '',6),(620,'Purple','2025-05-04 14:13:57.000000','Flagship mới nhất',10500000,'README 13+ 5G 8GB 256GB',6,_binary '',6),(621,'Yellow','2025-05-04 14:13:57.000000','Flagship mới nhất',11500000,'README 13+ 5G 8GB 256GB',6,_binary '',6),(622,'Yellow','2025-05-04 14:13:57.000000','Flagship mới nhất',11500000,'README 13+ 5G 8GB 256GB',6,_binary '',6),(623,'Yellow','2025-05-04 14:13:57.000000','Flagship mới nhất',11500000,'README 13+ 5G 8GB 256GB',6,_binary '',6),(624,'Yellow','2025-05-04 14:13:57.000000','Flagship mới nhất',11500000,'README 13+ 5G 8GB 256GB',6,_binary '',6),(625,'Yellow','2025-05-04 14:13:57.000000','Flagship mới nhất',11500000,'README 13+ 5G 8GB 256GB',6,_binary '',6),(626,'Yellow','2025-05-04 14:13:57.000000','Flagship mới nhất',11500000,'README 13+ 5G 8GB 256GB',6,_binary '',6),(627,'Yellow','2025-05-04 14:13:57.000000','Flagship mới nhất',11500000,'README 13+ 5G 8GB 256GB',6,_binary '',6),(628,'Yellow','2025-05-04 14:13:57.000000','Flagship mới nhất',11500000,'README 13+ 5G 8GB 256GB',6,_binary '',6),(629,'Yellow','2025-05-04 14:13:57.000000','Flagship mới nhất',11500000,'README 13+ 5G 8GB 256GB',6,_binary '',6),(630,'Yellow','2025-05-04 14:13:57.000000','Flagship mới nhất',11500000,'README 13+ 5G 8GB 256GB',6,_binary '',6),(631,'Blue','2025-05-04 14:13:57.000000','Flagship mới nhất',12500000,'REALME C65s 8GB 256GB',6,_binary '',6),(632,'Blue','2025-05-04 14:13:57.000000','Flagship mới nhất',12500000,'REALME C65s 8GB 256GB',6,_binary '',6),(633,'Blue','2025-05-04 14:13:57.000000','Flagship mới nhất',12500000,'REALME C65s 8GB 256GB',6,_binary '',6),(634,'Blue','2025-05-04 14:13:57.000000','Flagship mới nhất',12500000,'REALME C65s 8GB 256GB',6,_binary '',6),(635,'Blue','2025-05-04 14:13:57.000000','Flagship mới nhất',12500000,'REALME C65s 8GB 256GB',6,_binary '',6),(636,'Blue','2025-05-04 14:13:57.000000','Flagship mới nhất',12500000,'REALME C65s 8GB 256GB',6,_binary '',6),(637,'Blue','2025-05-04 14:13:57.000000','Flagship mới nhất',12500000,'REALME C65s 8GB 256GB',6,_binary '',6),(638,'Blue','2025-05-04 14:13:57.000000','Flagship mới nhất',12500000,'REALME C65s 8GB 256GB',6,_binary '',6),(639,'Blue','2025-05-04 14:13:57.000000','Flagship mới nhất',12500000,'REALME C65s 8GB 256GB',6,_binary '',6),(640,'Blue','2025-05-04 14:13:57.000000','Flagship mới nhất',12500000,'REALME C65s 8GB 256GB',6,_binary '',6),(641,'Green','2025-05-04 14:13:57.000000','Flagship mới nhất',13500000,'REALME C65s 8GB 256GB',6,_binary '',6),(642,'Green','2025-05-04 14:13:57.000000','Flagship mới nhất',13500000,'REALME C65s 8GB 256GB',6,_binary '',6),(643,'Green','2025-05-04 14:13:57.000000','Flagship mới nhất',13500000,'REALME C65s 8GB 256GB',6,_binary '',6),(644,'Green','2025-05-04 14:13:57.000000','Flagship mới nhất',13500000,'REALME C65s 8GB 256GB',6,_binary '',6),(645,'Green','2025-05-04 14:13:57.000000','Flagship mới nhất',13500000,'REALME C65s 8GB 256GB',6,_binary '',6),(646,'Green','2025-05-04 14:13:57.000000','Flagship mới nhất',13500000,'REALME C65s 8GB 256GB',6,_binary '',6),(647,'Green','2025-05-04 14:13:57.000000','Flagship mới nhất',13500000,'REALME C65s 8GB 256GB',6,_binary '',6),(648,'Green','2025-05-04 14:13:57.000000','Flagship mới nhất',13500000,'REALME C65s 8GB 256GB',6,_binary '',6),(649,'Green','2025-05-04 14:13:57.000000','Flagship mới nhất',13500000,'REALME C65s 8GB 256GB',6,_binary '',6),(650,'Green','2025-05-04 14:13:57.000000','Flagship mới nhất',13500000,'REALME C65s 8GB 256GB',6,_binary '',6),(1000,'Black','2025-05-13 21:35:42.000000','I24 Ultra 5G Unlocked Phones',25000000,'I24 Ultra 5G Unlocked Phones',6,_binary '',2),(1001,'Black','2025-05-13 21:35:42.000000','I24 Ultra 5G Unlocked Phones',25000000,'I24 Ultra 5G Unlocked Phones',6,_binary '',2),(1002,'Black','2025-05-13 21:35:42.000000','I24 Ultra 5G Unlocked Phones',25000000,'I24 Ultra 5G Unlocked Phones',6,_binary '',2),(1003,'Black','2025-05-13 21:35:42.000000','I24 Ultra 5G Unlocked Phones',25000000,'I24 Ultra 5G Unlocked Phones',6,_binary '',2),(1004,'Black','2025-05-13 21:35:42.000000','I24 Ultra 5G Unlocked Phones',25000000,'I24 Ultra 5G Unlocked Phones',6,_binary '',2),(1005,'Black','2025-05-13 21:35:42.000000','I24 Ultra 5G Unlocked Phones',25000000,'I24 Ultra 5G Unlocked Phones',6,_binary '',2),(1006,'Black','2025-05-13 21:35:42.000000','I24 Ultra 5G Unlocked Phones',25000000,'I24 Ultra 5G Unlocked Phones',6,_binary '',2),(1007,'Black','2025-05-13 21:35:42.000000','I24 Ultra 5G Unlocked Phones',25000000,'I24 Ultra 5G Unlocked Phones',6,_binary '',2),(1008,'Black','2025-05-13 21:35:42.000000','I24 Ultra 5G Unlocked Phones',25000000,'I24 Ultra 5G Unlocked Phones',6,_binary '',2),(1009,'Black','2025-05-13 21:35:42.000000','I24 Ultra 5G Unlocked Phones',25000000,'I24 Ultra 5G Unlocked Phones',6,_binary '',2),(1010,'Blue','2025-05-13 21:35:42.000000','I24 Ultra 5G Unlocked Phones',25000000,'I24 Ultra 5G Unlocked Phones',6,_binary '',2),(1011,'Blue','2025-05-13 21:35:42.000000','I24 Ultra 5G Unlocked Phones',25000000,'I24 Ultra 5G Unlocked Phones',6,_binary '',2),(1012,'Blue','2025-05-13 21:35:42.000000','I24 Ultra 5G Unlocked Phones',25000000,'I24 Ultra 5G Unlocked Phones',6,_binary '',2),(1013,'Blue','2025-05-13 21:35:42.000000','I24 Ultra 5G Unlocked Phones',25000000,'I24 Ultra 5G Unlocked Phones',6,_binary '',2),(1014,'Blue','2025-05-13 21:35:42.000000','I24 Ultra 5G Unlocked Phones',25000000,'I24 Ultra 5G Unlocked Phones',6,_binary '',2),(1015,'Blue','2025-05-13 21:35:42.000000','I24 Ultra 5G Unlocked Phones',25000000,'I24 Ultra 5G Unlocked Phones',6,_binary '',2),(1016,'Blue','2025-05-13 21:35:42.000000','I24 Ultra 5G Unlocked Phones',25000000,'I24 Ultra 5G Unlocked Phones',6,_binary '',2),(1017,'Blue','2025-05-13 21:35:42.000000','I24 Ultra 5G Unlocked Phones',25000000,'I24 Ultra 5G Unlocked Phones',6,_binary '',2),(1018,'Blue','2025-05-13 21:35:42.000000','I24 Ultra 5G Unlocked Phones',25000000,'I24 Ultra 5G Unlocked Phones',6,_binary '',2),(1019,'Blue','2025-05-13 21:35:42.000000','I24 Ultra 5G Unlocked Phones',25000000,'I24 Ultra 5G Unlocked Phones',6,_binary '',2),(1020,'Cyan','2025-05-13 21:35:42.000000','I24 Ultra 5G Unlocked Phones',25000000,'I24 Ultra 5G Unlocked Phones',6,_binary '',2),(1021,'Cyan','2025-05-13 21:35:42.000000','I24 Ultra 5G Unlocked Phones',25000000,'I24 Ultra 5G Unlocked Phones',6,_binary '',2),(1022,'Cyan','2025-05-13 21:35:42.000000','I24 Ultra 5G Unlocked Phones',25000000,'I24 Ultra 5G Unlocked Phones',6,_binary '',2),(1023,'Cyan','2025-05-13 21:35:42.000000','I24 Ultra 5G Unlocked Phones',25000000,'I24 Ultra 5G Unlocked Phones',6,_binary '',2),(1024,'Cyan','2025-05-13 21:35:42.000000','I24 Ultra 5G Unlocked Phones',25000000,'I24 Ultra 5G Unlocked Phones',6,_binary '',2),(1025,'Cyan','2025-05-13 21:35:42.000000','I24 Ultra 5G Unlocked Phones',25000000,'I24 Ultra 5G Unlocked Phones',6,_binary '',2),(1026,'Cyan','2025-05-13 21:35:42.000000','I24 Ultra 5G Unlocked Phones',25000000,'I24 Ultra 5G Unlocked Phones',6,_binary '',2),(1027,'Cyan','2025-05-13 21:35:42.000000','I24 Ultra 5G Unlocked Phones',25000000,'I24 Ultra 5G Unlocked Phones',6,_binary '',2),(1028,'Cyan','2025-05-13 21:35:42.000000','I24 Ultra 5G Unlocked Phones',25000000,'I24 Ultra 5G Unlocked Phones',6,_binary '',2),(1029,'Cyan','2025-05-13 21:35:42.000000','I24 Ultra 5G Unlocked Phones',25000000,'I24 Ultra 5G Unlocked Phones',6,_binary '',2),(1030,'Gray','2025-05-13 21:35:42.000000','I24 Ultra 5G Unlocked Phones',25000000,'I24 Ultra 5G Unlocked Phones',6,_binary '',2),(1031,'Gray','2025-05-13 21:35:42.000000','I24 Ultra 5G Unlocked Phones',25000000,'I24 Ultra 5G Unlocked Phones',6,_binary '',2),(1032,'Gray','2025-05-13 21:35:42.000000','I24 Ultra 5G Unlocked Phones',25000000,'I24 Ultra 5G Unlocked Phones',6,_binary '',2),(1033,'Gray','2025-05-13 21:35:42.000000','I24 Ultra 5G Unlocked Phones',25000000,'I24 Ultra 5G Unlocked Phones',6,_binary '',2),(1034,'Gray','2025-05-13 21:35:42.000000','I24 Ultra 5G Unlocked Phones',25000000,'I24 Ultra 5G Unlocked Phones',6,_binary '',2),(1035,'Gray','2025-05-13 21:35:42.000000','I24 Ultra 5G Unlocked Phones',25000000,'I24 Ultra 5G Unlocked Phones',6,_binary '',2),(1036,'Gray','2025-05-13 21:35:42.000000','I24 Ultra 5G Unlocked Phones',25000000,'I24 Ultra 5G Unlocked Phones',6,_binary '',2),(1037,'Gray','2025-05-13 21:35:42.000000','I24 Ultra 5G Unlocked Phones',25000000,'I24 Ultra 5G Unlocked Phones',6,_binary '',2),(1038,'Gray','2025-05-13 21:35:42.000000','I24 Ultra 5G Unlocked Phones',25000000,'I24 Ultra 5G Unlocked Phones',6,_binary '',2),(1039,'Gray','2025-05-13 21:35:42.000000','I24 Ultra 5G Unlocked Phones',25000000,'I24 Ultra 5G Unlocked Phones',6,_binary '',2),(1040,'Blue','2025-05-13 21:35:42.000000','I25 Ultra Unlocked Phone 12+512GB',15000000,'I25 Ultra Unlocked Phone 12+512GB',6,_binary '',2),(1041,'Blue','2025-05-13 21:35:42.000000','I25 Ultra Unlocked Phone 12+512GB',15000000,'I25 Ultra Unlocked Phone 12+512GB',6,_binary '',2),(1042,'Blue','2025-05-13 21:35:42.000000','I25 Ultra Unlocked Phone 12+512GB',15000000,'I25 Ultra Unlocked Phone 12+512GB',6,_binary '',2),(1043,'Blue','2025-05-13 21:35:42.000000','I25 Ultra Unlocked Phone 12+512GB',15000000,'I25 Ultra Unlocked Phone 12+512GB',6,_binary '',2),(1044,'Blue','2025-05-13 21:35:42.000000','I25 Ultra Unlocked Phone 12+512GB',15000000,'I25 Ultra Unlocked Phone 12+512GB',6,_binary '',2),(1045,'Blue','2025-05-13 21:35:42.000000','I25 Ultra Unlocked Phone 12+512GB',15000000,'I25 Ultra Unlocked Phone 12+512GB',6,_binary '',2),(1046,'Blue','2025-05-13 21:35:42.000000','I25 Ultra Unlocked Phone 12+512GB',15000000,'I25 Ultra Unlocked Phone 12+512GB',6,_binary '',2),(1047,'Blue','2025-05-13 21:35:42.000000','I25 Ultra Unlocked Phone 12+512GB',15000000,'I25 Ultra Unlocked Phone 12+512GB',6,_binary '',2),(1048,'Blue','2025-05-13 21:35:42.000000','I25 Ultra Unlocked Phone 12+512GB',15000000,'I25 Ultra Unlocked Phone 12+512GB',6,_binary '',2),(1049,'Blue','2025-05-13 21:35:42.000000','I25 Ultra Unlocked Phone 12+512GB',15000000,'I25 Ultra Unlocked Phone 12+512GB',6,_binary '',2),(1050,'Gold','2025-05-13 21:35:42.000000','I25 Ultra Unlocked Phone 12+512GB',15000000,'I25 Ultra Unlocked Phone 12+512GB',6,_binary '',2),(1051,'Gold','2025-05-13 21:35:42.000000','I25 Ultra Unlocked Phone 12+512GB',15000000,'I25 Ultra Unlocked Phone 12+512GB',6,_binary '',2),(1052,'Gold','2025-05-13 21:35:42.000000','I25 Ultra Unlocked Phone 12+512GB',15000000,'I25 Ultra Unlocked Phone 12+512GB',6,_binary '',2),(1053,'Gold','2025-05-13 21:35:42.000000','I25 Ultra Unlocked Phone 12+512GB',15000000,'I25 Ultra Unlocked Phone 12+512GB',6,_binary '',2),(1054,'Gold','2025-05-13 21:35:42.000000','I25 Ultra Unlocked Phone 12+512GB',15000000,'I25 Ultra Unlocked Phone 12+512GB',6,_binary '',2),(1055,'Gold','2025-05-13 21:35:42.000000','I25 Ultra Unlocked Phone 12+512GB',15000000,'I25 Ultra Unlocked Phone 12+512GB',6,_binary '',2),(1056,'Gold','2025-05-13 21:35:42.000000','I25 Ultra Unlocked Phone 12+512GB',15000000,'I25 Ultra Unlocked Phone 12+512GB',6,_binary '',2),(1057,'Gold','2025-05-13 21:35:42.000000','I25 Ultra Unlocked Phone 12+512GB',15000000,'I25 Ultra Unlocked Phone 12+512GB',6,_binary '',2),(1058,'Gold','2025-05-13 21:35:42.000000','I25 Ultra Unlocked Phone 12+512GB',15000000,'I25 Ultra Unlocked Phone 12+512GB',6,_binary '',2),(1059,'Gold','2025-05-13 21:35:42.000000','I25 Ultra Unlocked Phone 12+512GB',15000000,'I25 Ultra Unlocked Phone 12+512GB',6,_binary '',2),(1060,'Green','2025-05-13 21:35:42.000000','I25 Ultra Unlocked Phone 12+512GB',15000000,'I25 Ultra Unlocked Phone 12+512GB',6,_binary '',2),(1061,'Green','2025-05-13 21:35:42.000000','I25 Ultra Unlocked Phone 12+512GB',15000000,'I25 Ultra Unlocked Phone 12+512GB',6,_binary '',2),(1062,'Green','2025-05-13 21:35:42.000000','I25 Ultra Unlocked Phone 12+512GB',15000000,'I25 Ultra Unlocked Phone 12+512GB',6,_binary '',2),(1063,'Green','2025-05-13 21:35:42.000000','I25 Ultra Unlocked Phone 12+512GB',15000000,'I25 Ultra Unlocked Phone 12+512GB',6,_binary '',2),(1064,'Green','2025-05-13 21:35:42.000000','I25 Ultra Unlocked Phone 12+512GB',15000000,'I25 Ultra Unlocked Phone 12+512GB',6,_binary '',2),(1065,'Green','2025-05-13 21:35:42.000000','I25 Ultra Unlocked Phone 12+512GB',15000000,'I25 Ultra Unlocked Phone 12+512GB',6,_binary '',2),(1066,'Green','2025-05-13 21:35:42.000000','I25 Ultra Unlocked Phone 12+512GB',15000000,'I25 Ultra Unlocked Phone 12+512GB',6,_binary '',2),(1067,'Green','2025-05-13 21:35:42.000000','I25 Ultra Unlocked Phone 12+512GB',15000000,'I25 Ultra Unlocked Phone 12+512GB',6,_binary '',2),(1068,'Green','2025-05-13 21:35:42.000000','I25 Ultra Unlocked Phone 12+512GB',15000000,'I25 Ultra Unlocked Phone 12+512GB',6,_binary '',2),(1069,'Green','2025-05-13 21:35:42.000000','I25 Ultra Unlocked Phone 12+512GB',15000000,'I25 Ultra Unlocked Phone 12+512GB',6,_binary '',2),(1070,'Purple','2025-05-13 21:35:42.000000','I25 Ultra Unlocked Phone 12+512GB',15000000,'I25 Ultra Unlocked Phone 12+512GB',6,_binary '',2),(1071,'Purple','2025-05-13 21:35:42.000000','I25 Ultra Unlocked Phone 12+512GB',15000000,'I25 Ultra Unlocked Phone 12+512GB',6,_binary '',2),(1072,'Purple','2025-05-13 21:35:42.000000','I25 Ultra Unlocked Phone 12+512GB',15000000,'I25 Ultra Unlocked Phone 12+512GB',6,_binary '',2),(1073,'Purple','2025-05-13 21:35:42.000000','I25 Ultra Unlocked Phone 12+512GB',15000000,'I25 Ultra Unlocked Phone 12+512GB',6,_binary '',2),(1074,'Purple','2025-05-13 21:35:42.000000','I25 Ultra Unlocked Phone 12+512GB',15000000,'I25 Ultra Unlocked Phone 12+512GB',6,_binary '',2),(1075,'Purple','2025-05-13 21:35:42.000000','I25 Ultra Unlocked Phone 12+512GB',15000000,'I25 Ultra Unlocked Phone 12+512GB',6,_binary '',2),(1076,'Purple','2025-05-13 21:35:42.000000','I25 Ultra Unlocked Phone 12+512GB',15000000,'I25 Ultra Unlocked Phone 12+512GB',6,_binary '',2),(1077,'Purple','2025-05-13 21:35:42.000000','I25 Ultra Unlocked Phone 12+512GB',15000000,'I25 Ultra Unlocked Phone 12+512GB',6,_binary '',2),(1078,'Purple','2025-05-13 21:35:42.000000','I25 Ultra Unlocked Phone 12+512GB',15000000,'I25 Ultra Unlocked Phone 12+512GB',6,_binary '',2),(1079,'Purple','2025-05-13 21:35:42.000000','I25 Ultra Unlocked Phone 12+512GB',15000000,'I25 Ultra Unlocked Phone 12+512GB',6,_binary '',2),(1080,'Black','2025-05-13 21:35:42.000000','SAMSUNG Galaxy A16 4G LTE',13000000,'SAMSUNG Galaxy A16 4G LTE',6,_binary '',2),(1081,'Black','2025-05-13 21:35:42.000000','SAMSUNG Galaxy A16 4G LTE',13000000,'SAMSUNG Galaxy A16 4G LTE',6,_binary '',2),(1082,'Black','2025-05-13 21:35:42.000000','SAMSUNG Galaxy A16 4G LTE',13000000,'SAMSUNG Galaxy A16 4G LTE',6,_binary '',2),(1083,'Black','2025-05-13 21:35:42.000000','SAMSUNG Galaxy A16 4G LTE',13000000,'SAMSUNG Galaxy A16 4G LTE',6,_binary '',2),(1084,'Black','2025-05-13 21:35:42.000000','SAMSUNG Galaxy A16 4G LTE',13000000,'SAMSUNG Galaxy A16 4G LTE',6,_binary '',2),(1085,'Black','2025-05-13 21:35:42.000000','SAMSUNG Galaxy A16 4G LTE',13000000,'SAMSUNG Galaxy A16 4G LTE',6,_binary '',2),(1086,'Black','2025-05-13 21:35:42.000000','SAMSUNG Galaxy A16 4G LTE',13000000,'SAMSUNG Galaxy A16 4G LTE',6,_binary '',2),(1087,'Black','2025-05-13 21:35:42.000000','SAMSUNG Galaxy A16 4G LTE',13000000,'SAMSUNG Galaxy A16 4G LTE',6,_binary '',2),(1088,'Black','2025-05-13 21:35:42.000000','SAMSUNG Galaxy A16 4G LTE',13000000,'SAMSUNG Galaxy A16 4G LTE',6,_binary '',2),(1089,'Black','2025-05-13 21:35:42.000000','SAMSUNG Galaxy A16 4G LTE',13000000,'SAMSUNG Galaxy A16 4G LTE',6,_binary '',2),(1090,'Gray','2025-05-13 21:35:42.000000','SAMSUNG Galaxy A16 4G LTE',13000000,'SAMSUNG Galaxy A16 4G LTE',6,_binary '',2),(1091,'Gray','2025-05-13 21:35:42.000000','SAMSUNG Galaxy A16 4G LTE',13000000,'SAMSUNG Galaxy A16 4G LTE',6,_binary '',2),(1092,'Gray','2025-05-13 21:35:42.000000','SAMSUNG Galaxy A16 4G LTE',13000000,'SAMSUNG Galaxy A16 4G LTE',6,_binary '',2),(1093,'Gray','2025-05-13 21:35:42.000000','SAMSUNG Galaxy A16 4G LTE',13000000,'SAMSUNG Galaxy A16 4G LTE',6,_binary '',2),(1094,'Gray','2025-05-13 21:35:42.000000','SAMSUNG Galaxy A16 4G LTE',13000000,'SAMSUNG Galaxy A16 4G LTE',6,_binary '',2),(1095,'Gray','2025-05-13 21:35:42.000000','SAMSUNG Galaxy A16 4G LTE',13000000,'SAMSUNG Galaxy A16 4G LTE',6,_binary '',2),(1096,'Gray','2025-05-13 21:35:42.000000','SAMSUNG Galaxy A16 4G LTE',13000000,'SAMSUNG Galaxy A16 4G LTE',6,_binary '',2),(1097,'Gray','2025-05-13 21:35:42.000000','SAMSUNG Galaxy A16 4G LTE',13000000,'SAMSUNG Galaxy A16 4G LTE',6,_binary '',2),(1098,'Gray','2025-05-13 21:35:42.000000','SAMSUNG Galaxy A16 4G LTE',13000000,'SAMSUNG Galaxy A16 4G LTE',6,_binary '',2),(1099,'Gray','2025-05-13 21:35:42.000000','SAMSUNG Galaxy A16 4G LTE',13000000,'SAMSUNG Galaxy A16 4G LTE',6,_binary '',2),(1100,'Green','2025-05-13 21:35:42.000000','SAMSUNG Galaxy A16 4G LTE',13000000,'SAMSUNG Galaxy A16 4G LTE',6,_binary '',2),(1101,'Green','2025-05-13 21:35:42.000000','SAMSUNG Galaxy A16 4G LTE',13000000,'SAMSUNG Galaxy A16 4G LTE',6,_binary '',2),(1102,'Green','2025-05-13 21:35:42.000000','SAMSUNG Galaxy A16 4G LTE',13000000,'SAMSUNG Galaxy A16 4G LTE',6,_binary '',2),(1103,'Green','2025-05-13 21:35:42.000000','SAMSUNG Galaxy A16 4G LTE',13000000,'SAMSUNG Galaxy A16 4G LTE',6,_binary '',2),(1104,'Green','2025-05-13 21:35:42.000000','SAMSUNG Galaxy A16 4G LTE',13000000,'SAMSUNG Galaxy A16 4G LTE',6,_binary '',2),(1105,'Green','2025-05-13 21:35:42.000000','SAMSUNG Galaxy A16 4G LTE',13000000,'SAMSUNG Galaxy A16 4G LTE',6,_binary '',2),(1106,'Green','2025-05-13 21:35:42.000000','SAMSUNG Galaxy A16 4G LTE',13000000,'SAMSUNG Galaxy A16 4G LTE',6,_binary '',2),(1107,'Green','2025-05-13 21:35:42.000000','SAMSUNG Galaxy A16 4G LTE',13000000,'SAMSUNG Galaxy A16 4G LTE',6,_binary '',2),(1108,'Green','2025-05-13 21:35:42.000000','SAMSUNG Galaxy A16 4G LTE',13000000,'SAMSUNG Galaxy A16 4G LTE',6,_binary '',2),(1109,'Green','2025-05-13 21:35:42.000000','SAMSUNG Galaxy A16 4G LTE',13000000,'SAMSUNG Galaxy A16 4G LTE',6,_binary '',2);
/*!40000 ALTER TABLE `product` ENABLE KEYS */;
UNLOCK TABLES;

--
-- Table structure for table `review`
--

DROP TABLE IF EXISTS `review`;
/*!40101 SET @saved_cs_client     = @@character_set_client */;
/*!50503 SET character_set_client = utf8mb4 */;
CREATE TABLE `review` (
  `reviewid` int NOT NULL AUTO_INCREMENT,
  `comment` varchar(255) DEFAULT NULL,
  `date` datetime(6) DEFAULT NULL,
  `rating_value` int NOT NULL,
  `order_item_id` int DEFAULT NULL,
  PRIMARY KEY (`reviewid`),
  UNIQUE KEY `UKfi19ihqypou1atahgbq3a0508` (`order_item_id`),
  CONSTRAINT `FKcpceqmajrln2x7iqc4jua0hu1` FOREIGN KEY (`order_item_id`) REFERENCES `order_item` (`order_itemid`)
) ENGINE=InnoDB AUTO_INCREMENT=32 DEFAULT CHARSET=utf8mb4 COLLATE=utf8mb4_0900_ai_ci;
/*!40101 SET character_set_client = @saved_cs_client */;

--
-- Dumping data for table `review`
--

LOCK TABLES `review` WRITE;
/*!40000 ALTER TABLE `review` DISABLE KEYS */;
INSERT INTO `review` VALUES (27,'abccc','2025-05-15 10:09:05.000000',5,62),(29,'dcsadsadsdsa','2025-05-15 11:34:35.000000',5,77),(30,'San pham tot, 10d','2025-05-15 11:53:24.000000',5,98),(31,'san pham on ','2025-05-15 19:55:00.000000',3,74);
/*!40000 ALTER TABLE `review` ENABLE KEYS */;
UNLOCK TABLES;

--
-- Table structure for table `roles`
--

DROP TABLE IF EXISTS `roles`;
/*!40101 SET @saved_cs_client     = @@character_set_client */;
/*!50503 SET character_set_client = utf8mb4 */;
CREATE TABLE `roles` (
  `id` bigint NOT NULL AUTO_INCREMENT,
  `name` varchar(255) NOT NULL,
  PRIMARY KEY (`id`)
) ENGINE=InnoDB AUTO_INCREMENT=3 DEFAULT CHARSET=utf8mb4 COLLATE=utf8mb4_0900_ai_ci;
/*!40101 SET character_set_client = @saved_cs_client */;

--
-- Dumping data for table `roles`
--

LOCK TABLES `roles` WRITE;
/*!40000 ALTER TABLE `roles` DISABLE KEYS */;
INSERT INTO `roles` VALUES (1,'ADMIN'),(2,'USER');
/*!40000 ALTER TABLE `roles` ENABLE KEYS */;
UNLOCK TABLES;

--
-- Table structure for table `social_accounts`
--

DROP TABLE IF EXISTS `social_accounts`;
/*!40101 SET @saved_cs_client     = @@character_set_client */;
/*!50503 SET character_set_client = utf8mb4 */;
CREATE TABLE `social_accounts` (
  `id` bigint NOT NULL AUTO_INCREMENT,
  `email` varchar(150) DEFAULT NULL,
  `name` varchar(100) DEFAULT NULL,
  `provider` varchar(20) NOT NULL,
  `provider_id` varchar(50) NOT NULL,
  `user_id` bigint DEFAULT NULL,
  PRIMARY KEY (`id`),
  KEY `FK6rmxxiton5yuvu7ph2hcq2xn7` (`user_id`),
  CONSTRAINT `FK6rmxxiton5yuvu7ph2hcq2xn7` FOREIGN KEY (`user_id`) REFERENCES `users` (`id`)
) ENGINE=InnoDB DEFAULT CHARSET=utf8mb4 COLLATE=utf8mb4_0900_ai_ci;
/*!40101 SET character_set_client = @saved_cs_client */;

--
-- Dumping data for table `social_accounts`
--

LOCK TABLES `social_accounts` WRITE;
/*!40000 ALTER TABLE `social_accounts` DISABLE KEYS */;
/*!40000 ALTER TABLE `social_accounts` ENABLE KEYS */;
UNLOCK TABLES;

--
-- Table structure for table `tokens`
--

DROP TABLE IF EXISTS `tokens`;
/*!40101 SET @saved_cs_client     = @@character_set_client */;
/*!50503 SET character_set_client = utf8mb4 */;
CREATE TABLE `tokens` (
  `id` bigint NOT NULL AUTO_INCREMENT,
  `expiration_date` datetime(6) DEFAULT NULL,
  `expired` bit(1) NOT NULL,
  `revoked` bit(1) NOT NULL,
  `token` varchar(255) DEFAULT NULL,
  `token_type` varchar(50) DEFAULT NULL,
  `user_id` bigint DEFAULT NULL,
  PRIMARY KEY (`id`),
  KEY `FK2dylsfo39lgjyqml2tbe0b0ss` (`user_id`),
  CONSTRAINT `FK2dylsfo39lgjyqml2tbe0b0ss` FOREIGN KEY (`user_id`) REFERENCES `users` (`id`)
) ENGINE=InnoDB AUTO_INCREMENT=7 DEFAULT CHARSET=utf8mb4 COLLATE=utf8mb4_0900_ai_ci;
/*!40101 SET character_set_client = @saved_cs_client */;

--
-- Dumping data for table `tokens`
--

LOCK TABLES `tokens` WRITE;
/*!40000 ALTER TABLE `tokens` DISABLE KEYS */;
INSERT INTO `tokens` VALUES (1,'2025-06-14 19:29:49.000000',_binary '\0',_binary '\0','eyJhbGciOiJIUzI1NiJ9.eyJwaG9uZU51bWJlciI6IjA4NTk3MTY4MTgiLCJ1c2VySWQiOjUsInN1YiI6IjA4NTk3MTY4MTgiLCJleHAiOjE3NDk5MDQxODl9.kjA6YjSihqyfaTlBaFFMm_xBu2ZcggXASDAYBMatO7E','JWT',5),(2,'2025-06-14 20:13:37.000000',_binary '\0',_binary '\0','eyJhbGciOiJIUzI1NiJ9.eyJwaG9uZU51bWJlciI6IiIsInVzZXJJZCI6NywiZXhwIjoxNzQ5OTA2ODE3fQ.PEN25XRk9-PDAfRTPpFoe_1Iw8OQXjosqmT8KiXnvhM','JWT',7),(3,'2025-06-13 17:57:58.000000',_binary '\0',_binary '\0','eyJhbGciOiJIUzI1NiJ9.eyJwaG9uZU51bWJlciI6IjA4NTk3MTY4MTkiLCJ1c2VySWQiOjgsInN1YiI6IjA4NTk3MTY4MTkiLCJleHAiOjE3NDk4MTIyNzh9.lXRVDxlVRPjzO_PQOnF3X1vJYZGmjyAc4_WsC8Q6-x8','JWT',8),(4,'2025-06-14 01:12:39.000000',_binary '\0',_binary '\0','eyJhbGciOiJIUzI1NiJ9.eyJwaG9uZU51bWJlciI6IiIsInVzZXJJZCI6OSwiZXhwIjoxNzQ5ODM4MzU5fQ.__7msnbp0mIy9flVOtMnjf58PPO_TkkoH-D-HSuUa2I','JWT',9),(5,'2025-06-14 19:37:56.000000',_binary '\0',_binary '\0','eyJhbGciOiJIUzI1NiJ9.eyJwaG9uZU51bWJlciI6IjAzNzc3ODUzMjEiLCJ1c2VySWQiOjEwLCJzdWIiOiIwMzc3Nzg1MzIxIiwiZXhwIjoxNzQ5OTA0Njc2fQ.WyAcNFoOLISmhFekpAg5H9yzAuEje2zko6-q2pTzW5E','JWT',10),(6,'2025-06-14 19:42:36.000000',_binary '\0',_binary '\0','eyJhbGciOiJIUzI1NiJ9.eyJwaG9uZU51bWJlciI6IjAzNzc3ODUzMjEiLCJ1c2VySWQiOjExLCJzdWIiOiIwMzc3Nzg1MzIxIiwiZXhwIjoxNzQ5OTA0OTU2fQ.bC7KS60BxyHI2n4PA9rn7cbuRgJEKiZxJqQuA1KWiZs','JWT',11);
/*!40000 ALTER TABLE `tokens` ENABLE KEYS */;
UNLOCK TABLES;

--
-- Table structure for table `users`
--

DROP TABLE IF EXISTS `users`;
/*!40101 SET @saved_cs_client     = @@character_set_client */;
/*!50503 SET character_set_client = utf8mb4 */;
CREATE TABLE `users` (
  `id` bigint NOT NULL AUTO_INCREMENT,
  `created_at` datetime(6) DEFAULT NULL,
  `updated_at` datetime(6) DEFAULT NULL,
  `is_active` bit(1) DEFAULT NULL,
  `address` varchar(200) DEFAULT NULL,
  `date_of_birth` date DEFAULT NULL,
  `email` varchar(200) NOT NULL,
  `facebook_account_id` varchar(255) DEFAULT NULL,
  `fullname` varchar(100) DEFAULT NULL,
  `google_account_id` varchar(255) DEFAULT NULL,
  `password` varchar(100) NOT NULL,
  `phone_number` varchar(10) NOT NULL,
  `profile_image` varchar(255) DEFAULT NULL,
  `role_id` bigint DEFAULT NULL,
  `cart_cartid` int DEFAULT NULL,
  PRIMARY KEY (`id`),
  UNIQUE KEY `UKka9sfsu9ujykepvinqptqnyse` (`cart_cartid`),
  KEY `FKp56c1712k691lhsyewcssf40f` (`role_id`),
  CONSTRAINT `FKp56c1712k691lhsyewcssf40f` FOREIGN KEY (`role_id`) REFERENCES `roles` (`id`),
  CONSTRAINT `FKp93gymsk269a35woldc6cn8sm` FOREIGN KEY (`cart_cartid`) REFERENCES `cart` (`cartid`)
) ENGINE=InnoDB AUTO_INCREMENT=12 DEFAULT CHARSET=utf8mb4 COLLATE=utf8mb4_0900_ai_ci;
/*!40101 SET character_set_client = @saved_cs_client */;

--
-- Dumping data for table `users`
--

LOCK TABLES `users` WRITE;
/*!40000 ALTER TABLE `users` DISABLE KEYS */;
INSERT INTO `users` VALUES (5,'2025-05-04 11:26:14.024910','2025-05-15 10:06:35.621461',_binary '',NULL,'2025-05-22','tungnd21895@gmail.com','0','Nguyen Van A','0','$2a$10$n90cgbKNAgAlcKbWkV/teuOztD4.XMdUGf1gF67EDG7FOFoENsJ1q','0859716818','https://storage.googleapis.com/bucket_mobileapp/images/user_5_64a06c9b-2706-42ba-8f3d-2d180320e5d0.jpg',2,NULL),(6,'2025-05-06 08:35:41.276161','2025-05-06 08:35:41.276161',_binary '',NULL,NULL,'hoai12309@gmail.com','','Nguyen Van A','','$2a$10$lGGbs8ESOt.9YlL91vbxjewETunpAWT2SeypLjypqSe/LWWouZt4e','085976818',NULL,2,NULL),(7,'2025-05-13 00:13:20.391959','2025-05-15 19:52:22.165434',_binary '',NULL,'2006-05-15','tungnd21898@gmail.com',NULL,'thu','111096920310756875698','','','https://storage.googleapis.com/bucket_mobileapp/images/user_7_030be438-7d16-43b4-9fd8-69403c17d0f5.jpg',2,NULL),(8,'2025-05-14 16:46:21.818929','2025-05-14 17:57:01.177635',_binary '',NULL,NULL,'thoai12309@gmail.com','','thoaiduc','','$2a$10$Zh//2l8r49bNg.AgyLiYv.G5l8ThXc2Yq7.CnomAzAKKp8EEbz216','0859716819',NULL,2,NULL),(9,'2025-05-15 00:51:32.968813','2025-05-15 01:19:22.636388',_binary '',NULL,'2025-05-15','vuongcongthinh26022004@gmail.com',NULL,'congthinh vuong','117058127345587094805','','','https://storage.googleapis.com/bucket_mobileapp/images/user_9_cc20e64a-1d92-4e5e-b29a-79be8104fb6b.jpg',2,NULL),(10,'2025-05-15 19:37:39.381768','2025-05-15 19:37:39.381768',_binary '',NULL,NULL,'tungnd21899@gmail.com','','Vuong Duc Thoai','','$2a$10$6fXYyQmnxO.P9PsrTX1Co.GGG/ZR7fnCB8pGukhIgdbYdecPygDLu','0377785322',NULL,2,NULL),(11,'2025-05-15 19:40:57.896529','2025-05-15 19:42:18.694881',_binary '',NULL,NULL,'tungnd21896@gmail.com','','Vuong Duc Thoai','','$2a$10$E98oOAebjCERS2gpni1BwOWvmppamz3ls3SyrB9dO/nx/doBUzlFK','0377785321',NULL,2,NULL);
/*!40000 ALTER TABLE `users` ENABLE KEYS */;
UNLOCK TABLES;
/*!40103 SET TIME_ZONE=@OLD_TIME_ZONE */;

/*!40101 SET SQL_MODE=@OLD_SQL_MODE */;
/*!40014 SET FOREIGN_KEY_CHECKS=@OLD_FOREIGN_KEY_CHECKS */;
/*!40014 SET UNIQUE_CHECKS=@OLD_UNIQUE_CHECKS */;
/*!40101 SET CHARACTER_SET_CLIENT=@OLD_CHARACTER_SET_CLIENT */;
/*!40101 SET CHARACTER_SET_RESULTS=@OLD_CHARACTER_SET_RESULTS */;
/*!40101 SET COLLATION_CONNECTION=@OLD_COLLATION_CONNECTION */;
/*!40111 SET SQL_NOTES=@OLD_SQL_NOTES */;

-- Dump completed on 2025-05-15 20:54:32
